species,SRR540397,tax_id
PREVOTELLA_COPRI,0.13340953363813454,165179.0
BACTEROIDES_UNIFORMIS,0.11125344501378005,820.0
ALISTIPES_SP._CHKCI003,0.06947227788911156,1780376.0
PARABACTEROIDES_MERDAE,0.05639422557690231,46503.0
CYCLOSPORA_CAYETANENSIS,0.03725814903259613,88456.0
ALISTIPES_FINEGOLDII,0.03689614758459034,214856.0
UNCLASSIFIED,0.03271413085652343,12908.0
DIALISTER_INVISUS,0.02464309857239429,218538.0
ALISTIPES_TIMONENSIS,0.01849107396429586,1465754.0
ALISTIPES_SP._CU970,0.017512070048280193,2780100.0
ALISTIPES_SP._AN66,0.017232068928275713,1965650.0
ALISTIPES_COMMUNIS,0.016539066156264624,2585118.0
ALISTIPES_SHAHII,0.016039064156256624,328814.0
VESCIMONAS_COPROCOLA,0.011822047288189154,2714355.0
OSCILLIBACTER_SP._ER4,0.011641046564186257,1519439.0
VESCIMONAS_FASTIDIOSA,0.009989039956159825,2714353.0
ALISTIPES_INDISTINCTUS,0.009844039376157505,626932.0
PHOCAEICOLA_VULGATUS,0.009287037148148592,821.0
ALISTIPES_PUTREDINIS,0.007971031884127537,28117.0
BACTEROIDES_CACCAE,0.007494029976119905,47678.0
ANAEROTRUNCUS_COLIHOMINIS,0.007417029668118673,169435.0
PHOCAEICOLA_DOREI,0.00678502714010856,357276.0
BUTYRICIMONAS_VIROSA,0.0058320233280933125,544645.0
FLAVONIFRACTOR_PLAUTII,0.005523022092088368,292800.0
AKKERMANSIA_MUCINIPHILA,0.005514022056088225,239935.0
ALISTIPES_SP._KH20,0.005013020052080208,2834113.0
ALISTIPES_ONDERDONKII,0.005001020004080016,328813.0
PHASCOLARCTOBACTERIUM_FAECIUM,0.004742018968075873,33025.0
ODORIBACTER_SPLANCHNICUS,0.004287017148068592,28118.0
BACTEROIDES_FRAGILIS,0.0039450157800631205,817.0
BLAUTIA_WEXLERAE,0.003939015756063024,418240.0
PARABACTEROIDES_DISTASONIS,0.003923015692062768,823.0
BACTEROIDES_FINEGOLDII,0.0035520142080568322,338188.0
FAECALIBACTERIUM_PRAUSNITZII,0.003418013672054688,853.0
BACTEROIDES_NORDII,0.003357013428053712,291645.0
ALISTIPES_IHUMII,0.003011012044048176,1470347.0
INTESTINIMONAS_BUTYRICIPRODUCENS,0.002987011948047792,1297617.0
COLIDEXTRIBACTER_SP._210702-DFI-3-9,0.00254501018004072,2883268.0
RUTHENIBACTERIUM_LACTATIFORMANS,0.0025170100680402723,1550024.0
OSCILLIBACTER_SP._MCC667,0.0024430097720390884,2592648.0
BACTEROIDES_RODENTIUM,0.002263009052036208,691816.0
OSCILLIBACTER_SP._MSJ-31,0.0021710086840347363,2841526.0
PSEUDOFLAVONIFRACTOR_GALLINARUM,0.001964007856031424,2779352.0
BACTEROIDES_SALYERSIAE,0.001829007316029264,291644.0
BACTEROIDES_SP._AM32-11AC,0.00158000632002528,2292950.0
PSEUDOFLAVONIFRACTOR_SP._MSJ-30,0.001577006308025232,2841525.0
PHOCAEICOLA_COPROCOLA,0.001516006064024256,310298.0
BACTEROIDES_THETAIOTAOMICRON,0.001424005696022784,818.0
BACTEROIDES_GALLINARUM,0.001338005352021408,376806.0
DYSOSMOBACTER_SP._BX15,0.0011360045440181761,2763042.0
PARABACTEROIDES_MASSILIENSIS,0.001127004508018032,1750560.0
BACTEROIDES_OVATUS,0.0010720042880171521,28116.0
BACTEROIDES_EGGERTHII,0.001052004208016832,28111.0
BACTEROIDES_FAECALIS,0.001029004116016464,2447885.0
PSEUDOFLAVONIFRACTOR_PHOCAEENSIS,0.0010190040760163041,1870988.0
BACTEROIDES_SP._L10-4,0.0009240036960147841,2746063.0
INTESTINIBACILLUS_MASSILIENSIS,0.0008000032000128,1871029.0
OSCILLIBACTER_SP._MSJ-2,0.0007570030280121121,2841504.0
NOVISYNTROPHOCOCCUS_FERMENTICELLAE,0.000707002828011312,2068655.0
PHOCAEICOLA_PLEBEIUS,0.000706002824011296,310297.0
PARABACTEROIDES_ACIDIFACIENS,0.000683002732010928,2290935.0
BACTEROIDES_SP._NM69-E16B,0.000676002704010816,2516960.0
ALISTIPES_SENEGALENSIS,0.000671002684010736,1288121.0
RUMINOCOCCUS_BROMII,0.0006400025600102401,40518.0
FAECALIBACTERIUM_SP._CLA-AA-H233,0.00058500234000936,2881266.0
PHOCAEICOLA_MASSILIENSIS,0.000500002000008,204516.0
OSCILLIBACTER_SP._1-3,0.00046400185600742403,1235797.0
BACTEROIDES_XYLANISOLVENS,0.00045900183600734403,371601.0
ANAEROMASSILIBACILLUS_SP._D41T1-190614-C2,0.00045100180400721603,2787078.0
PHOLIOTA_CONISSANS,0.00043500174000696,109636.0
BUTYRICICOCCUS_SP._AM29-23AC,0.000424001696006784,2292295.0
BACTEROIDES_HEPARINOLYTICUS,0.000413001652006608,28113.0
PHOCEA_MASSILIENSIS,0.0004000016000064,1841867.0
PARABACTEROIDES_JOHNSONII,0.000397001588006352,387661.0
OSCILLIBACTER_VALERICIGENES,0.000382001528006112,351091.0
BACTEROIDES_CELLULOSILYTICUS,0.000376001504006016,246787.0
PREVOTELLA_SP._PCHR,0.000373001492005968,2736294.0
ANAEROTIGNUM_LACTATIFERMENTANS,0.000363001452005808,160404.0
ALISTIPES_SP._HGB5,0.000339001356005424,908612.0
OSCILLIBACTER_RUMINANTIUM,0.00033200132800531205,1263547.0
BACTEROIDES_SP._MARSEILLE-P8574,0.00033000132000528005,2697504.0
AGATHOBACULUM_BUTYRICIPRODUCENS,0.00032700130800523205,1628085.0
OSCILLIBACTER_SP._PEA192,0.00032100128400513604,2109687.0
ACANTHAMOEBA_CULBERTSONI,0.00031700126800507204,43142.0
ENTEROCLOSTER_CLOSTRIDIOFORMIS,0.00029800119200476804,1531.0
BACTEROIDES_SP._KGMB07931,0.00029300117200468804,2792859.0
STREPTOMYCES_GRAMINILATUS,0.00028500114000456003,1464070.0
LACTOCOCCUS_GARVIEAE,0.00027800111200444803,1363.0
SUBDOLIGRANULUM_SP._APC924-74,0.00027000108000432003,2086273.0
EIMERIA_PRAECOX,0.00026700106800427203,51316.0
CLOSTRIDIUM_IHUMII,0.000249000996003984,1470356.0
PHOCAEICOLA_SARTORII,0.00024400097600390402,671267.0
ACANTHAMOEBA_COMANDONI,0.00024200096800387202,65659.0
ALISTIPES_SP._AF14-19,0.00023900095600382402,2292910.0
DOREA_SP._AM58-8,0.00023800095200380802,2292346.0
BARNESIELLA_INTESTINIHOMINIS,0.00023300093200372802,487174.0
ANAEROTRUNCUS_SP._AF02-27,0.00022400089600358401,2292191.0
BACTEROIDES_ZOOGLEOFORMANS,0.000221000884003536,28119.0
STREPTOMYCES_PHYSCOMITRII,0.00022000088000352,2724184.0
OSCILLIBACTER_SP._CU971,0.000216000864003456,2780102.0
COPROBACILLUS_CATENIFORMIS,0.00021500086000344,100884.0
STAPHYLOCOCCUS_SACCHAROLYTICUS,0.00021500086000344,33028.0
SUBDOLIGRANULUM_SP._4-3-54A2FAA,0.000211000844003376,665956.0
RUDAEICOCCUS_SUWONENSIS,0.000194000776003104,657409.0
GEMMIGER_SP._AN87,0.000193000772003088,1965662.0
ENTODINIUM_CAUDATUM,0.000191000764003056,47911.0
STENOTROPHOMONAS_SP._SAM-B,0.000189000756003024,2729141.0
ANGELAKISELLA_MASSILIENSIS,0.000187000748002992,1871018.0
PSEUDOGRACILIBACILLUS_AUBURNENSIS,0.000184000736002944,1494959.0
STAPHYLOCOCCUS_AUREUS,0.000184000736002944,1280.0
OCEANISPHAERA_AVIUM,0.00018000072000288,1903694.0
FUSIBACTER_SP._3D3,0.000179000716002864,1048380.0
DESULFOSPIRA_JOERGENSENII,0.000174000696002784,53329.0
SUBDOLIGRANULUM_SP._AM16-9,0.000172000688002752,2302960.0
CLOSTRIDIUM_THERMARUM,0.00016400065600262402,1716543.0
MOHEIBACTER_LACUS,0.00016100064400257602,2745851.0
CLOSTRIDIUM_POLYENDOSPORUM,0.00015900063600254402,69208.0
EISENBERGIELLA_TAYI,0.00015100060400241602,1432052.0
INTESTINIMONAS_TIMONENSIS,0.00015100060400241602,1689270.0
CLOSTRIDIUM_CELATUM,0.00014900059600238402,36834.0
RUMINOCOCCUS_SP._AF16-50,0.00014800059200236802,2293149.0
BUTYRICICOCCUS_SP._AM28-25,0.00014700058800235202,2292294.0
BACTEROIDES_SP._3-1-23,0.00013800055200220802,457390.0
MERDIMONAS_FAECIS,0.00013600054400217601,1653435.0
PREVOTELLA_SP._885,0.00013300053200212801,2022527.0
BACILLUS_SP._BY2G20,0.00013300053200212801,2874282.0
PREVOTELLA_HOMINIS,0.000131000524002096,2518605.0
PUSILLIMONAS_FAECALIS,0.000129000516002064,2714358.0
FLINTIBACTER_SP._BX5,0.000128000512002048,2763047.0
CRONOBACTER_MALONATICUS,0.000128000512002048,413503.0
DYSOSMOBACTER_WELBIONIS,0.00012200048800195201,2093857.0
RUMINOCOCCUS_LACTARIS,0.00012100048400193601,46228.0
CLOSTRIDIUM_SACCHAROBUTYLICUM,0.00012100048400193601,169679.0
EISENBERGIELLA_PORCI,0.00011900047600190401,2652274.0
EVTEPIA_GABAVOROUS,0.00011800047200188801,2211183.0
DICTYOSTELIUM_ROSARIUM,0.00011500046000184001,306026.0
RUMINICLOSTRIDIUM_SUFFLAVUM,0.00011500046000184001,396504.0
RHIZOPHAGUS_CLARUS,0.00011400045600182401,94130.0
CLOSTRIDIUM_SP._MARSEILLE-P7770,0.00011000044000176,2495408.0
MARIBACTER_FLAVUS,0.000109000436001744,1658664.0
CAMPYLOBACTER_FETUS,0.000109000436001744,196.0
ACAULOSPORA_COLOMBIANA,0.000103000412001648,27376.0
PSEUDOFLAVONIFRACTOR_SP._MCC625,0.000102000408001632,2592647.0
STAPHYLOCOCCUS_CAELI,0.000102000408001632,2201815.0
ODORIBACTER_LANEUS,9.9000396001584e-05,626933.0
FAECALIBACTERIUM_SP._AN122,9.9000396001584e-05,1965551.0
GALLALISTIPES_AQUISGRANENSIS,9.8000392001568e-05,2779358.0
UREIBACILLUS_THERMOPHILUS,9.7000388001552e-05,367743.0
ROSEBURIA_INTESTINALIS,9.500038000152e-05,166486.0
CLOSTRIDIUM_TAENIOSPORUM,9.4000376001504e-05,394958.0
RACOCETRA_PERSICA,9.1000364001456e-05,160502.0
PANTOEA_VAGANS,8.6000344001376e-05,470934.0
MYCOPLASMOPSIS_AGALACTIAE,8.500034000136e-05,2110.0
GEMMIGER_FORMICILIS,8.400033600134401e-05,745368.0
NITROSOMONAS_MARINA,8.200032800131201e-05,917.0
PSEUDOFLAVONIFRACTOR_CAPILLOSUS,8.100032400129601e-05,106588.0
ANAEROTRUNCUS_RUBIINFANTIS,8.100032400129601e-05,1720200.0
GARCIELLA_NITRATIREDUCENS,8.000032000128001e-05,218205.0
CLOSTRIDIUM_ARBUSTI,7.900031600126401e-05,1137848.0
SUBDOLIGRANULUM_SP._OF01-18,7.800031200124801e-05,2302962.0
PSEUDOMONAS_SP._LAP-36,7.800031200124801e-05,2865836.0
TETRAHYMENA_THERMOPHILA,7.700030800123201e-05,5911.0
BACTEROIDES_STERCORIS,7.700030800123201e-05,46506.0
HUNGATELLA_HATHEWAYI,7.600030400121601e-05,154046.0
LACHNOCLOSTRIDIUM_SP._AN14,7.600030400121601e-05,1965562.0
SUBDOLIGRANULUM_VARIABILE,7.600030400121601e-05,214851.0
HOLDEMANELLA_BIFORMIS,7.400029600118401e-05,1735.0
CLOSTRIDIUM_FUNGISOLVENS,7.400029600118401e-05,1604897.0
MACROCYSTIS_PYRIFERA,7.300029200116801e-05,35122.0
SUTTERELLA_WADSWORTHENSIS,7.200028800115201e-05,40545.0
CLOSTRIDIUM_CAVENDISHII,7.200028800115201e-05,349931.0
LYSINIBACILLUS_TELEPHONICUS,7.100028400113601e-05,1714840.0
AUSTROPUCCINIA_PSIDII,6.800027200108801e-05,181123.0
STREPTOMYCES_SP._NRRL-F-5123,6.700026800107201e-05,1463856.0
CRASSPHAGE_CR4_1,6.6000264001056e-05,2772084.0
CLOSTRIDIUM_BARATII,6.6000264001056e-05,1561.0
LACHNOANAEROBACULUM_SP._OBRC5-5,6.500026000104e-05,936595.0
BACILLUS_SP._UNC438CL73TSUS30,6.4000256001024e-05,1340434.0
MESORHIZOBIUM_MEDITERRANEUM,6.4000256001024e-05,43617.0
ROSEBURIA_SP._TF10-5,6.3000252001008e-05,2293144.0
PSEUDOMONAS_AERUGINOSA,6.3000252001008e-05,287.0
PSYCHROBACILLUS_SP._OK032,6.3000252001008e-05,1884358.0
STREPTOCOCCUS_MACACAE,6.2000248000992e-05,1339.0
VIBRIO_METOECUS,6.2000248000992e-05,1481663.0
CRASSPHAGE_CR128_1,6.2000248000992e-05,2772076.0
FAECALICATENA_SP._MARSEILLE-Q4148,6.0000240000960005e-05,2823316.0
RACOCETRA_FULGIDA,5.9000236000944004e-05,60492.0
NEOBACILLUS_NIACINI,5.8000232000928004e-05,86668.0
RUMINOCOCCUS_SP._1001270H-150608-F2,5.7000228000912004e-05,2787113.0
MYROIDES_ODORATIMIMUS,5.6000224000896004e-05,76832.0
ASCOIDEA_RUBESCENS,5.6000224000896004e-05,54195.0
BACTEROIDES_MEDITERRANEENSIS,5.500022000088e-05,1841856.0
ALISTIPES_SP._AM16-43,5.500022000088e-05,2292911.0
NEOVAHLKAMPFIA_DAMARISCOTTAE,5.500022000088e-05,166956.0
VALLITALEA_GUAYMASENSIS,5.500022000088e-05,1185412.0
ACHOLEPLASMA_HIPPIKON,5.4000216000864e-05,264636.0
PSEUDOMONAS_SP._H9,5.4000216000864e-05,483968.0
PARABACTEROIDES_GOLDSTEINII,5.4000216000864e-05,328812.0
ACIDAMINOCOCCUS_FERMENTANS,5.3000212000848e-05,905.0
ROSEBURIA_SP._CLA-AA-H209,5.2000208000832e-05,2881261.0
PAULINELLA_MICROPORA,5.2000208000832e-05,1928728.0
BIFIDOBACTERIUM_DENTIUM,5.2000208000832e-05,1689.0
VITRELLA_BRASSICAFORMIS,5.1000204000816e-05,1169539.0
LENTIBACILLUS_SP._MARSEILLE-P4043,5.1000204000816e-05,2040293.0
CLOSTRIDIUM_FESSUM,4.9000196000784e-05,2126740.0
CLOSTRIDIUM_SP._MARSEILLE-P3244,4.8000192000768e-05,1871020.0
BUTYRICIMONAS_PARAVIROSA,4.7000188000752e-05,1472417.0
LACTOBACILLUS_SP._M0390,4.7000188000752e-05,2751026.0
FLAVONIFRACTOR_SP._AN10,4.7000188000752e-05,1965537.0
SMITTIUM_MEGAZYGOSPORUM,4.6000184000736e-05,133381.0
PARABACTEROIDES_PROVENCENSIS,4.500018000072e-05,1944636.0
PARABACTEROIDES_SP._AF27-14,4.4000176000704e-05,2293116.0
TETRAPYRGOS_NIGRIPES,4.4000176000704e-05,182062.0
MICROBACTERIUM_GUBBEENENSE,4.4000176000704e-05,159896.0
CLOSTRIDIUM_INNOCUUM,4.4000176000704e-05,1522.0
LEUCOCOPRINUS_SP._KB1807203,4.4000176000704e-05,2837572.0
FAECALIBACTERIUM_SP._AN121,4.4000176000704e-05,1965550.0
MYCOPLASMOPSIS_STURNI,4.3000172000688e-05,39047.0
SPONGIACTINOSPORA_GELATINILYTICA,4.3000172000688e-05,2666298.0
FANNYHESSEA_VAGINAE,4.3000172000688e-05,82135.0
PARABACTEROIDES_SP._N37,4.2000168000672006e-05,2763057.0
BACTEROIDES_BOUCHESDURHONENSIS,4.2000168000672006e-05,1841855.0
HYDROGENOANAEROBACTERIUM_SACCHAROVORANS,4.2000168000672006e-05,474960.0
MAGNUSIOMYCES_TETRASPERMUS,4.2000168000672006e-05,1232584.0
NEOBACILLUS_BATAVIENSIS,4.2000168000672006e-05,220685.0
ALISTIPES_SP._AN31A,4.1000164000656006e-05,1965631.0
POTERIOOCHROMONAS_SP._DS,4.1000164000656006e-05,519425.0
CATELLICOCCUS_MARIMAMMALIUM,4.1000164000656006e-05,300419.0
CLOSTRIDIUM_HOMOPROPIONICUM,4.1000164000656006e-05,36844.0
PYRICULARIA_ORYZAE,4.1000164000656006e-05,318829.0
ERYSIPHE_PULCHRA,4.1000164000656006e-05,225359.0
PREVOTELLA_PECTINOVORA,4.0000160000640005e-05,1602169.0
TIRMANIA_NIVEA,4.0000160000640005e-05,160517.0
DYSOSMOBACTER_SP._NSJ-60,4.0000160000640005e-05,2763041.0
EISENBERGIELLA_MASSILIENSIS,4.0000160000640005e-05,1720294.0
SCUTELLOSPORA_CALOSPORA,4.0000160000640005e-05,85575.0
BACILLUS_SP._RG28,3.9000156000624005e-05,2820819.0
CANDIDA_OCEANI,3.9000156000624005e-05,1186037.0
BLASTOMYCES_EMZANTSI,3.8000152000608005e-05,2723674.0
CANDIDATUS_ARTHROMITUS_SP--SFB-RAT-YIT,3.8000152000608005e-05,1041504.0
ENTEROCLOSTER_BOLTEAE,3.8000152000608005e-05,208479.0
RUMINOCOCCUS_GNAVUS,3.8000152000608005e-05,33038.0
VEILLONELLA_MONTPELLIERENSIS,3.7000148000592005e-05,187328.0
PUCCINIA_GRAMINIS,3.7000148000592005e-05,5297.0
ANAEROFILUM_SP._AN201,3.7000148000592005e-05,1965588.0
PLASMOPARA_OBDUCENS,3.7000148000592005e-05,162140.0
BACTEROIDES_SP._3-1-40A,3.7000148000592005e-05,469593.0
SPELEOSTELIUM_CAVEATUM,3.7000148000592005e-05,361096.0
BACTEROIDES_STERCORIROSORIS,3.7000148000592005e-05,871324.0
BACTEROIDES_SP._GM023,3.6000144000576004e-05,2723058.0
TISSIERELLA_CREATINOPHILA,3.6000144000576004e-05,79681.0
MICROVIRIDAE_SP.,3.6000144000576004e-05,2202644.0
BLAUTIA_SP._AM29-29,3.6000144000576004e-05,2292975.0
CLOSTRIDIUM_SPOROGENES,3.5000140000560004e-05,1509.0
STREPTOBACILLUS_FELIS,3.5000140000560004e-05,1384509.0
ALISTIPES_MEGAGUTI,3.5000140000560004e-05,2364787.0
LACTOBACILLUS_MELLIVENTRIS,3.5000140000560004e-05,1218507.0
PARABACTEROIDES_SP._ZJ-118,3.5000140000560004e-05,2709398.0
PARABACTEROIDES_SP._AF19-14,3.4000136000544004e-05,2293114.0
PEPTONIPHILUS_PHOCEENSIS,3.4000136000544004e-05,1720298.0
RUMINOCOCCUS_BOVIS,3.3000132000528e-05,2564099.0
FAECALITALEA_CYLINDROIDES,3.3000132000528e-05,39483.0
DOREA_LONGICATENA,3.2000128000512e-05,88431.0
FLAVONIFRACTOR_SP._AN306,3.2000128000512e-05,1965629.0
BACTEROIDES_SP._AN269,3.2000128000512e-05,1965613.0
CRASSPHAGE_CR110_1,3.1000124000496e-05,2772070.0
ARMILLARIA_FUSCIPES,3.1000124000496e-05,108572.0
COPROCOCCUS_COMES,3.1000124000496e-05,410072.0
BACTEROIDES_SP._KGMB10229,3.1000124000496e-05,2792859.0
STREPTOMYCES_ALBULUS,3.1000124000496e-05,68570.0
CHROMULINA_NEBULOSA,3.1000124000496e-05,96789.0
CLOSTRIDIUM_SP._D5,3.0000120000480002e-05,556261.0
SALITERRIBACILLUS_PERSICUS,3.0000120000480002e-05,930114.0
BUTYRIVIBRIO_PROTEOCLASTICUS,3.0000120000480002e-05,43305.0
SIPHONOBACTER_SP._BAB-5404,3.0000120000480002e-05,1864824.0
ENTEROCOCCUS_FAECALIS,3.0000120000480002e-05,1351.0
ROSEBURIA_INULINIVORANS,3.0000120000480002e-05,360807.0
BACTEROIDES_SP._AN322,3.0000120000480002e-05,1965632.0
KAZACHSTANIA_TELLURIS,3.0000120000480002e-05,36907.0
FUSARIUM_BACTRIDIOIDES,3.0000120000480002e-05,42668.0
GIGASPORA_MARGARITA,2.9000116000464002e-05,4874.0
KAZACHSTANIA_SERVAZZII,2.9000116000464002e-05,27293.0
CRASSPHAGE_CR125_1,2.9000116000464002e-05,2772091.0
INTESTINIMONAS_MASSILIENSIS,2.8000112000448002e-05,1673721.0
CANDIDATUS_MARITHRIX_SP--CANYON-246,2.8000112000448002e-05,1827136.0
ANAEROSTIPES_SP._MSJ-23,2.8000112000448002e-05,2841520.0
KLEBSIELLA_PNEUMONIAE,2.8000112000448002e-05,573.0
CLATHRUS_COLUMNATUS,2.8000112000448002e-05,1419009.0
EUBACTERIUM_VENTRIOSUM,2.8000112000448002e-05,39496.0
TREPONEMA_BRYANTII,2.7000108000432e-05,163.0
PARAMECIUM_BURSARIA,2.7000108000432e-05,74790.0
ALISTIPES_SP._CV1,2.7000108000432e-05,1622071.0
PHAGE_APR34_1784,2.7000108000432e-05,1977995.0
BACTEROIDES_PHAGE_CRASS002,2.7000108000432e-05,2709317.0
CHRYSEOBACTERIUM_AURANTIACUM,2.7000108000432e-05,2116499.0
CLOSTRIDIUM_SP._1001270J-160509-D11,2.7000108000432e-05,2787103.0
PARAPREVOTELLA_CLARA,2.6000104000416e-05,454154.0
FAECALIBACTERIUM_SP._AF10-46,2.6000104000416e-05,2302955.0
CALORANAEROBACTER_SP._TR13,2.6000104000416e-05,1302151.0
MASSOSPORA_PLATYPEDIAE,2.6000104000416e-05,2213018.0
SCHEFFERSOMYCES_SHEHATAE,2.6000104000416e-05,45589.0
LACHNOANAEROBACULUM_SABURREUM,2.50001000004e-05,467210.0
PSEUDORAMIBACTER_PORCI,2.50001000004e-05,2606631.0
FICTIBACILLUS_MACAUENSIS,2.50001000004e-05,245160.0
LACTICASEIBACILLUS_PARACASEI,2.50001000004e-05,1597.0
ASCOIDEA_ASIATICA,2.50001000004e-05,1301101.0
LAWSONIBACTER_SP._NSJ-51,2.50001000004e-05,2763053.0
BUTYRICIMONAS_SP._NSJ-56,2.50001000004e-05,2763032.0
PROTEINIBORUS_ETHANOLIGENES,2.4000096000384e-05,415015.0
CARNOBACTERIUM_DIVERGENS,2.4000096000384e-05,2748.0
AUREOBASIDIUM_MELANOGENUM,2.4000096000384e-05,46634.0
FUSICATENIBACTER_SACCHARIVORANS,2.4000096000384e-05,1150298.0
BLAUTIA_SP._AF34-10,2.4000096000384e-05,2292968.0
PREVOTELLA_STERCOREA,2.3000092000368e-05,363265.0
CLOSTRIDIUM_SP._1001271B-151109-B4,2.3000092000368e-05,2787148.0
FRUCTILACTOBACILLUS_LINDNERI,2.3000092000368e-05,53444.0
PLANOCOCCUS_SALINUS,2.3000092000368e-05,1848460.0
CALDALKALIBACILLUS_THERMARUM,2.3000092000368e-05,296745.0
ALISTIPES_SP._AF48-12,2.3000092000368e-05,2291998.0
CLOSTRIDIUM_ARGENTINENSE,2.3000092000368e-05,29341.0
FALCATIMONAS_SP._MSJ-15,2.2000088000352e-05,2841515.0
PARABACTEROIDES_SP._AN277,2.2000088000352e-05,1965619.0
CLOSTRIDIUM_SYMBIOSUM,2.2000088000352e-05,1512.0
FLAVOBACTERIUM_SP._7E,2.2000088000352e-05,2735898.0
BUTYRICICOCCUS_SP._AF10-3,2.2000088000352e-05,2292196.0
COMPANILACTOBACILLUS_HUACHUANENSIS,2.1000084000336003e-05,2559914.0
MYCOPLASMA_LEONICAPTIVI,2.1000084000336003e-05,36742.0
CLOSTRIDIUM_SP._JN-9,2.1000084000336003e-05,2507159.0
CLOSTRIDIUM_SP._AF28-12,2.1000084000336003e-05,2305241.0
ALIARCOBACTER_VITORIENSIS,2.0000080000320003e-05,2011099.0
LEOTIOMYCETES_SP._MPI-SDFR-AT-0126,2.0000080000320003e-05,2138324.0
CITRIFERMENTANS_PELOPHILUM,2.0000080000320003e-05,60036.0
ALBOPHOMA_YAMANASHIENSIS,2.0000080000320003e-05,1635095.0
CLOSTRIDIUM_SP._BX14,2.0000080000320003e-05,2763038.0
CAMINICELLA_SPOROGENES,2.0000080000320003e-05,166485.0
CLOSTRIDIUM_SP._AM29-11AC,2.0000080000320003e-05,2293028.0
BACTEROIDES_CONGONENSIS,2.0000080000320003e-05,1871006.0
ENTEROCLOSTER_CITRONIAE,2.0000080000320003e-05,358743.0
BILOPHILA_WADSWORTHIA,2.0000080000320003e-05,35833.0
RUMINOCOCCUS_TORQUES,1.9000076000304002e-05,33039.0
PARABACTEROIDES_SP._OF01-14,1.9000076000304002e-05,2293123.0
KAISTELLA_CHAPONENSIS,1.9000076000304002e-05,713588.0
JEOTGALIBACA_CICONIAE,1.9000076000304002e-05,2496265.0
TRITRICHOMONAS_FOETUS,1.9000076000304002e-05,1144522.0
SUBDOLIGRANULUM_SP._AM23-21AC,1.9000076000304002e-05,2302961.0
FAECALICATENA_FISSICATENA,1.8000072000288002e-05,290055.0
DOREA_FORMICIGENERANS,1.8000072000288002e-05,39486.0
BACTEROIDES_INTESTINALIS,1.8000072000288002e-05,329854.0
RUMINOCOCCUS_FLAVEFACIENS,1.8000072000288002e-05,1265.0
BACTEROIDES_SP._HMSC067B03,1.8000072000288002e-05,1739298.0
PARABACTEROIDES_SP._52,1.8000072000288002e-05,2302940.0
EUBACTERIUM_RAMULUS,1.8000072000288002e-05,39490.0
AGATHOBACULUM_SP._M2,1.8000072000288002e-05,2763014.0
PAECILOMYCES_VARIOTII,1.7000068000272002e-05,264951.0
CLOSTRIDIUM_SP._AF29-8BH,1.7000068000272002e-05,2293009.0
PSEUDOFLAVONIFRACTOR_SP._MSJ-37,1.7000068000272002e-05,2841531.0
FILIFACTOR_ALOCIS,1.7000068000272002e-05,143361.0
CLOSTRIDIUM_BOTULINUM,1.7000068000272002e-05,1491.0
BUTYRICIMONAS_FAECIHOMINIS,1.7000068000272002e-05,1472416.0
PHYTOPHTHORA_RAMORUM,1.6000064000256e-05,164328.0
SMITTIUM_MUCRONATUM,1.6000064000256e-05,133383.0
ASPERGILLUS_OCHRACEUS,1.6000064000256e-05,40380.0
AQUIRUFA_ROSEA,1.6000064000256e-05,2509241.0
RHIZOBIUM_PUSENSE,1.6000064000256e-05,648995.0
MOGIBACTERIUM_SP._BX12,1.6000064000256e-05,2763644.0
BIFIDOBACTERIUM_STELLENBOSCHENSE,1.6000064000256e-05,762211.0
CLOSTRIDIUM_SP._1001270H-150608-G6,1.6000064000256e-05,2787102.0
PUCCINIA_HORIANA,1.5000060000240001e-05,331382.0
RHIZOBIUM_SP._BK251,1.5000060000240001e-05,2512125.0
CLOSTRIDIUM_SP._MCC334,1.4000056000224001e-05,2592643.0
BLAUTIA_FAECIS,1.4000056000224001e-05,871665.0
HOLDEMANELLA_PORCI,1.4000056000224001e-05,2652276.0
CLOSTRIDIUM_SP._TF11-13AC,1.4000056000224001e-05,2293053.0
METHANOBREVIBACTER_MILLERAE,1.4000056000224001e-05,230361.0
MEDITERRANEIBACTER_GLYCYRRHIZINILYTICUS,1.4000056000224001e-05,342942.0
CLAROIDEOGLOMUS_CANDIDUM,1.4000056000224001e-05,984092.0
PIROMYCES_SP._E2,1.4000056000224001e-05,73868.0
BACTEROIDES_PYOGENES,1.4000056000224001e-05,310300.0
MESOBACILLUS_JEOTGALI,1.4000056000224001e-05,129985.0
PYTHIUM_MYRIOTYLUM,1.4000056000224001e-05,82941.0
ACIDIANUS_MANZAENSIS,1.3000052000208e-05,282676.0
OCEANIVIRGA_MIROUNGAE,1.3000052000208e-05,1130046.0
BACTEROIDES_ILEI,1.3000052000208e-05,1907658.0
MICROBACTERIUM_OLEIVORANS,1.3000052000208e-05,273677.0
STREPTOCOCCUS_UBERIS,1.3000052000208e-05,1349.0
CLOSTRIDIUM_SP._J1101437-171009-A5,1.3000052000208e-05,2787098.0
HALARCOBACTER_BIVALVIORUM,1.3000052000208e-05,663364.0
SEINONELLA_PEPTONOPHILA,1.3000052000208e-05,112248.0
SELLIMONAS_INTESTINALIS,1.3000052000208e-05,1653434.0
ANAEROSTIPES_HADRUS,1.2000048000192e-05,649756.0
ENTOMOPHTHORA_MUSCAE,1.2000048000192e-05,34485.0
BUTYRICIMONAS_FAECALIS,1.2000048000192e-05,2093856.0
NAEGLERIA_GRUBERI,1.2000048000192e-05,5762.0
LASCOLABACILLUS_MASSILIENSIS,1.1000044000176e-05,1627894.0
ALISTIPES_PROVENCENSIS,1.1000044000176e-05,1816676.0
TETRAHYMENA_MALACCENSIS,1.1000044000176e-05,5901.0
BUTYRICICOCCUS_SP._AM27-36,1.1000044000176e-05,2292293.0
BACTEROIDES_SP._AF17-1,1.1000044000176e-05,2292919.0
PYRENOPHORA_TERES,1.0000040000160001e-05,53485.0
PAENIBACILLUS_SP._CL6COL,1.0000040000160001e-05,1761878.0
MOGIBACTERIUM_SP._CM50,1.0000040000160001e-05,936375.0
LEBETIMONAS_NATSUSHIMAE,1.0000040000160001e-05,1936991.0
BACTEROIDES_SP._51,1.0000040000160001e-05,2302938.0
MONILINIA_FRUCTICOLA,1.0000040000160001e-05,38448.0
ENTEROCOCCUS_FAECIUM,1.0000040000160001e-05,1352.0
INTESTINIMONAS_SP._MSJ-38,1.0000040000160001e-05,2841532.0
BLAUTIA_SP._AM42-2,1.0000040000160001e-05,2292976.0
FOETIDIBACTER_LUTEOLUS,1.0000040000160001e-05,2608880.0
CRASSPHAGE_CR6_1,1.0000040000160001e-05,2772085.0
ALISTIPES_SP._AN116,9.000036000144001e-06,1965546.0
PSEUDOFLAVONIFRACTOR_SP._AN176,9.000036000144001e-06,1965572.0
BUTYRICICOCCUS_SP._OF13-6,9.000036000144001e-06,2292299.0
PROTEUS_FAECIS,9.000036000144001e-06,2050967.0
UREAPLASMA_CANIGENITALIUM,9.000036000144001e-06,42092.0
LACHNOCLOSTRIDIUM_SP._AN169,9.000036000144001e-06,1965569.0
BACTEROIDES_SP._KFT8,9.000036000144001e-06,2025659.0
FAECALIBACTERIUM_SP._AN58,8.000032000128e-06,1965648.0
ALISTIPES_SP._D31T1-170403-E11,8.000032000128e-06,2787128.0
CRASSPHAGE_CR107_1,8.000032000128e-06,2772061.0
CONIOCHAETA_LIGNIARIA,8.000032000128e-06,177197.0
CLOSTRIDIUM_SP._AT4,8.000032000128e-06,1720194.0
LIGILACTOBACILLUS_SALIVARIUS,8.000032000128e-06,1624.0
HYMENOBACTER_SP._UV11,8.000032000128e-06,1849735.0
BUTYRICICOCCUS_SP._MSJD-7,8.000032000128e-06,2841509.0
RUMINOCOCCUS_SP._AF32-2AC,8.000032000128e-06,2293175.0
CLOSTRIDIUM_SP._TM06-18,8.000032000128e-06,2293054.0
CHRYSEOBACTERIUM_DEFLUVII,8.000032000128e-06,160396.0
BLAUTIA_SP._MSK22-86,7.0000280001120004e-06,2884906.0
COMPANILACTOBACILLUS_NANTENSIS,7.0000280001120004e-06,305793.0
PONTIBACTER_ROSEUS,7.0000280001120004e-06,336989.0
ROSEBURIA_FAECIS,7.0000280001120004e-06,301302.0
MESORHIZOBIUM_WAIMENSE,7.0000280001120004e-06,1300307.0
PARABACTEROIDES_SP._AF39-10AC,7.0000280001120004e-06,2293117.0
ANAEROTIGNUM_SP._MSJ-24,7.0000280001120004e-06,2841521.0
CLOSTRIDIUM_SP._SA3CUN1,7.0000280001120004e-06,2762246.0
CLOSTRIDIUM_SP._AM42-36,7.0000280001120004e-06,2293031.0
STREPTOMYCES_CANUS,7.0000280001120004e-06,58343.0
NITRATIREDUCTOR_AESTUARII,7.0000280001120004e-06,1735103.0
ALISTIPES_SP._MARSEILLE-P2263,7.0000280001120004e-06,2824911.0
FLAVONIFRACTOR_SP._AN135,7.0000280001120004e-06,1965558.0
CLOSTRIDIUM_SCINDENS,6.000024000096e-06,29347.0
PHOCAEICOLA_SP._SA1YUN3,6.000024000096e-06,2762213.0
EMTICICIA_SP._BO119,6.000024000096e-06,2757768.0
FAECALIBACTERIUM_SP._4P15,6.000024000096e-06,2763046.0
CLAVIBACTER_MICHIGANENSIS,6.000024000096e-06,28447.0
RUMINOCOCCUS_SP._CLA-AA-H200,6.000024000096e-06,2881258.0
CANDIDATUS_SOLEAFERREA_MASSILIENSIS,6.000024000096e-06,1470354.0
ANAEROBUTYRICUM_HALLII,6.000024000096e-06,39488.0
LACHNOSPIRA_ELIGENS,6.000024000096e-06,39485.0
INTESTINIBACILLUS_SP._MARSEILLE-P6563,6.000024000096e-06,2364792.0
FAECALIBACTERIUM_LONGUM,6.000024000096e-06,1851428.0
SUBDOLIGRANULUM_SP._TF05-17AC,6.000024000096e-06,2302963.0
HOLDEMANELLA_SP._DFI-5-55,6.000024000096e-06,2885263.0
SPHINGOMONAS_SP._R-74633,6.000024000096e-06,2751188.0
MICROVIRGA_SP._WGZ8,6.000024000096e-06,2876078.0
PARABACTEROIDES_PACAENSIS,6.000024000096e-06,2086575.0
FAECALIBACTERIUM_SP._CLA-AA-H223,6.000024000096e-06,2881265.0
PARABACTEROIDES_PHAGE_PDS1,6.000024000096e-06,2709316.0
LACTICASEIBACILLUS_RHAMNOSUS,6.000024000096e-06,47715.0
BACTEROIDES_SP._AF16-49,6.000024000096e-06,2292192.0
OSCILLIBACTER_SP._NSJ-62,6.000024000096e-06,2763056.0
CLOSTRIDIUM_SP._OM04-12AA,6.000024000096e-06,2293041.0
PEPTOANAEROBACTER_STOMATIS,5.000020000080001e-06,796937.0
NOVIHERBASPIRILLUM_MASSILIENSE,5.000020000080001e-06,1465823.0
PECTINATUS_HAIKARAE,5.000020000080001e-06,349096.0
EUBACTERIUM_SP._TM05-53,5.000020000080001e-06,2292353.0
ACETIVIBRIO_SP._MSJD-27,5.000020000080001e-06,2841523.0
COPROCOCCUS_CATUS,5.000020000080001e-06,116085.0
LONSDALEA_BRITANNICA,5.000020000080001e-06,1082704.0
PHYTOPHTHORA_MULTIVORA,5.000020000080001e-06,596104.0
ESCHERICHIA_COLI,5.000020000080001e-06,562.0
BACTEROIDES_CAECIMURIS,5.000020000080001e-06,1796613.0
EXTIBACTER_SP._GGCC-0201,5.000020000080001e-06,2731209.0
AGROBACTERIUM_SP._DSM-25558,5.000020000080001e-06,1907665.0
ANAEROMASSILIBACILLUS_SP._AN250,5.000020000080001e-06,1965604.0
SYNERGISTES_JONESII,5.000020000080001e-06,2754.0
FLAVONIFRACTOR_SP._AN100,4.000016000064e-06,1965538.0
OSCILLIBACTER_SP._KLE-1728,4.000016000064e-06,1226322.0
OXALOBACTER_FORMIGENES,4.000016000064e-06,847.0
CRASSPHAGE_CR85_1,4.000016000064e-06,2772074.0
LISTERIA_VALENTINA,3.000012000048e-06,2705293.0
OLSENELLA_ULI,3.000012000048e-06,133926.0
DESULFOFARCIMEN_INTRICATUM,3.000012000048e-06,1285191.0
BILIFRACTOR_PORCI,3.000012000048e-06,2606636.0
SYNSTELIUM_POLYCARPUM,0.0,361085.0
PARABACTEROIDES_SP._AF17-28,0.0,2292241.0
SYNECHOCOCCUS_ELONGATUS,0.0,32046.0
PARABACTEROIDES_SP._20-3,0.0,469591.0
PAPILLIBACTER_CINNAMIVORANS,0.0,100176.0
PAPILIOTREMA_FLAVESCENS,0.0,214993.0
ROSEBURIA_SP._MSJ-14,0.0,2841514.0
SYNECHOCOCCUS_SP._CCY-0621,0.0,2815603.0
PANTOEA_SP._1-19,0.0,1925589.0
PALUDIBACTERIUM_PALUDIS,0.0,1225769.0
PALUDIBACTER_JIANGXIENSIS,0.0,681398.0
PAENISPOROSARCINA_INDICA,0.0,650093.0
PAENISPOROSARCINA_SP._TG20,0.0,1211706.0
PAENIBACILLUS_ZEISOLI,0.0,2496267.0
PAENIBACILLUS_YONGINENSIS,0.0,1462996.0
TAIBAIELLA_SP._KBW10,0.0,2153357.0
PANTOEA_SP._TR-811,0.0,2608361.0
SYMBIODINIUM_PILOSUM,0.0,2952.0
PARABACTEROIDES_SP._AF21-43,0.0,2293115.0
PARABACTEROIDES_SP._AM58-2XD,0.0,2292362.0
SULFURITORTUS_CALIDIFONTIS,0.0,1914471.0
SULFUROVUM_SP._TSL1,0.0,2826994.0
SULFUROVUM_LITHOTROPHICUM,0.0,206403.0
PARABACTEROIDES_SP._MSK-9-14,0.0,2849180.0
PARABACTEROIDES_SP._D26,0.0,658662.0
PARABACTEROIDES_SP._CH2-D42-20,0.0,2320086.0
SUTTERELLA_FAECALIS,0.0,2584944.0
SUTTERELLA_PARVIRUBRA,0.0,437898.0
PAENIBACILLUS_WOOSONGENSIS,0.0,307580.0
SUTTERELLA_SECKII,0.0,1944635.0
PARABACTEROIDES_SP._AM25-14,0.0,2293120.0
PARABACTEROIDES_SP._AM17-47,0.0,2293118.0
PARABACTEROIDES_SP._AM08-6,0.0,2292053.0
PARABACTEROIDES_SP._AF48-14,0.0,2292052.0
SYMBIODINIUM_SP._CCMP2456,0.0,1519616.0
SYMBIODINIUM_SP._CCMP2592,0.0,631055.0
PAENIBACILLUS_XYLANICLASTICUS,0.0,588083.0
PAENIBACILLUS_TURPANENSIS,0.0,2689078.0
PARABACTEROIDES_SP._TM07-1AC,0.0,2292363.0
PAENIBACILLUS_MONTANITERRAE,0.0,429341.0
TEPHROCYBE_SP._NHM501043,0.0,2724996.0
PAENIBACILLUS_SP._FSL-A5-0031,0.0,1920420.0
TEPIDIMONAS_SEDIMINIS,0.0,2588941.0
OXYTRICHA_TRIFALLAX,0.0,1172189.0
TERFEZIA_BOUDIERI,0.0,82571.0
TERFEZIA_CLAVERYI,0.0,139407.0
OTTOWIA_THIOOXYDANS,0.0,219182.0
TERMITOMYCES_SP._MG148,0.0,2175965.0
TERMITOMYCES_SP._T159-OD127,0.0,2053459.0
TERMITOMYCES_HEIMII,0.0,71929.0
TERRIGLOBUS_ROSEUS,0.0,392734.0
OSCILLIBACTER_SP._PC13,0.0,1855299.0
TERRISPOROBACTER_MAYOMBEI,0.0,1541.0
TESSARACOCCUS_SP._J1M15,0.0,2829499.0
TETRAHYMENA_ELLIOTTI,0.0,5897.0
THALASSIOSIRA_SUNDARBANA,0.0,1531304.0
THALASSOBACULUM_FULVUM,0.0,1633335.0
PAENIBACILLUS_SP._FSL-H7-0331,0.0,1920421.0
PAENIBACILLUS_SP._IB182496,0.0,2772509.0
TAXOMYCES_ANDREANAE,0.0,1117664.0
PAENIBACILLUS_FAECIS,0.0,862114.0
PAENIBACILLUS_MONTANISOLI,0.0,2081970.0
PAENIBACILLUS_MAYSIENSIS,0.0,1155954.0
PAENIBACILLUS_MACQUARIENSIS,0.0,948756.0
PAENIBACILLUS_MACERANS,0.0,44252.0
PAENIBACILLUS_LYCOPERSICI,0.0,2704462.0
PAENIBACILLUS_HUNANENSIS,0.0,539262.0
PAENIBACILLUS_FORSYTHIAE,0.0,365616.0
PAENIBACILLUS_DOKDONENSIS,0.0,2567944.0
TANNERELLA_FORSYTHIA,0.0,28112.0
PAENIBACILLUS_ATHENSENSIS,0.0,1967502.0
PAENIBACILLUS_AQUISTAGNI,0.0,1852522.0
PAENIBACILLUS_ANTRI,0.0,2582848.0
TALAROMYCES_BORBONICUS,0.0,2077152.0
PAENIBACILLUS_SP._YN15,0.0,1742774.0
PAENIBACILLUS_SP._IHBB-10380,0.0,1566358.0
TANNERELLA_SP._ORAL-TAXON-HOT-286,0.0,712710.0
SULFITOBACTER_NOCTILUCICOLA,0.0,1342301.0
SULFITOBACTER_SP._R18-1,0.0,2821104.0
SULFITOBACTER_SP._SK011,0.0,1389004.0
THERMOANAEROBACTERIUM_SP._PSU-2,0.0,1930849.0
PEDOBACTER_SP._LEAF216,0.0,1735684.0
STREPTOMYCES_SP._RU62,0.0,2080745.0
STREPTOMYCES_SP._SID7909,0.0,2706092.0
STREPTOMYCES_SP._SM10,0.0,565556.0
PECTOBACTERIUM_POLARIS,0.0,2042057.0
PECTOBACTERIUM_AROIDEARUM,0.0,1201031.0
STREPTOMYCES_SP._SN-593,0.0,659352.0
PECTINATUS_SOTTACETONIS,0.0,1002795.0
STREPTOMYCES_SP._WM4235,0.0,1415551.0
STREPTOMYCES_ACTUOSUS,0.0,1885.0
STREPTOMYCES_AFRICANUS,0.0,231024.0
STREPTOMYCES_CAMPONOTICAPITIS,0.0,1616125.0
STREPTOMYCES_CHRYSEUS,0.0,68186.0
PARVIBACULUM_LAVAMENTIVORANS,0.0,256618.0
PARVIBACTER_CAECICOLA,0.0,747645.0
STREPTOMYCES_FICELLUS,0.0,1977088.0
STREPTOMYCES_FLAVOFUNGINI,0.0,68200.0
PEDOBACTER_CRYOPHILUS,0.0,2571271.0
PEDOBACTER_CRYOTOLERANS,0.0,2571270.0
PELAGIBIUS_SP._NBU2595,0.0,2762760.0
PEPTONIPHILUS_VAGINALIS,0.0,1756987.0
STREPTOCOCCUS_INFANTIS,0.0,68892.0
STREPTOCOCCUS_PORCINUS,0.0,1340.0
PERLABENTIMONAS_GRACILIS,0.0,2715279.0
PERIBACILLUS_PSYCHROSACCHAROLYTICUS,0.0,1407.0
STREPTOCOCCUS_SUIS,0.0,1307.0
STREPTOMYCES_SP._7-21,0.0,2802283.0
STREPTOMYCES_SP._A244,0.0,2137016.0
STREPTOMYCES_SP._A7024,0.0,1128680.0
PELOBACTER_PROPIONICUS,0.0,29543.0
STREPTOMYCES_SP._AC627-RSS907,0.0,2823684.0
STREPTOMYCES_SP._GESEQ-35,0.0,2812657.0
PEPTOCLOSTRIDIUM_LITORALE,0.0,1557.0
PEPTOCLOSTRIDIUM_ACIDAMINOPHILUM,0.0,1731.0
STREPTOMYCES_SP._NRRL-F-5126,0.0,1463857.0
PELOSINUS_FERMENTANS,0.0,365349.0
PELOLINEA_SUBMARINA,0.0,913107.0
PARARHIZOBIUM_POLONICUM,0.0,1612624.0
STREPTOMYCES_GALBUS,0.0,33898.0
PARAPREVOTELLA_XYLANIPHILA,0.0,454155.0
STREPTOMYCES_SWARTBERGENSIS,0.0,487165.0
STREPTOMYCES_LYDICUS,0.0,47763.0
PARABACTEROIDES_TIMONENSIS,0.0,1871013.0
STREPTOMYCES_MISIONENSIS,0.0,67331.0
STREPTOMYCES_NITROSPOREUS,0.0,28894.0
STREPTOMYCES_SILVENSIS,0.0,1765722.0
STREPTOMYCES_SMYRNAEUS,0.0,1387713.0
STREPTOMYCES_SPARSOGENES,0.0,67365.0
STREPTOMYCES_VARSOVIENSIS,0.0,67373.0
PARABURKHOLDERIA_SP._BL23I1N1,0.0,1938802.0
STREPTOMYCES_VIRIDIVIOLACEUS,0.0,68282.0
STROBILURUS_STEPHANOCYSTIS,0.0,511178.0
SUBDOLIGRANULUM_SP._AF14-43,0.0,2302959.0
PARABACTEROIDES_CHINCHILLAE,0.0,871327.0
PARABACTEROIDES_BOUCHESDURHONENSIS,0.0,1936995.0
SUBTERCOLA_BOREUS,0.0,120213.0
SUILLUS_SP._MG131,0.0,2175967.0
PARABURKHOLDERIA_SP._BCC1886,0.0,2562670.0
PARABURKHOLDERIA_ACIDIPALUDIS,0.0,660537.0
STREPTOMYCES_GILVIGRISEUS,0.0,1428644.0
STREPTOMYCES_HYGROSCOPICUS,0.0,1912.0
PARAPHAEOSPHAERIA_MINITANS,0.0,565426.0
PARAMURIBACULUM_INTESTINALE,0.0,2094151.0
PARAMIKROCYTOS_CANCERI,0.0,1483957.0
PARAMECIUM_SONNEBORNI,0.0,65129.0
STREPTOMYCES_GLAUCESCENS,0.0,1907.0
STREPTOMYCES_GLOBISPORUS,0.0,1908.0
STREPTOMYCES_GRISEUS,0.0,1911.0
STREPTOMYCES_LONGISPOROFLAVUS,0.0,28044.0
STREPTOMYCES_LUTEOGRISEUS,0.0,68233.0
PARAMECIUM_BIAURELIA,0.0,65126.0
PARAFILIMONAS_TERRAE,0.0,1465490.0
PARAFANNYHESSEA_UMBONATA,0.0,604330.0
PARACOCCUS_SP._WG2,0.0,2816048.0
PARABURKHOLDERIA_MEGAPOLITANA,0.0,420953.0
PARABURKHOLDERIA_GUARTELAENSIS,0.0,2546446.0
STREPTOMYCES_LUSHANENSIS,0.0,1434255.0
THALASSOCOCCUS_PROFUNDI,0.0,2282382.0
THERMOANAEROBACTERIUM_SP._RBIITD,0.0,1550240.0
STREPTOCOCCUS_ILEI,0.0,1156431.0
THERMOANAEROBACTERIUM_BUTYRICIFORMANS,0.0,1702242.0
MYCOBACTERIUM_SP._ELW1,0.0,1547487.0
MYCETOHABITANS_ENDOFUNGORUM,0.0,417203.0
WOLFIPORIA_COCOS,0.0,81056.0
MYCENA_CITRICOLOR,0.0,2018698.0
MURIMONAS_INTESTINI,0.0,1337051.0
MURIBACULUM_INTESTINALE,0.0,1796646.0
MURIBACULUM_GORDONCARTERI,0.0,2530390.0
MOTILIBACTER_AURANTIACUS,0.0,2714955.0
MORGANELLA_MORGANII,0.0,582.0
XANTHOMARINA_GELATINILYTICA,0.0,1137281.0
MORDAVELLA_MASSILIENSIS,0.0,1871024.0
MORCHELLA_CRASSIPES,0.0,62754.0
MONOSPORASCUS_SP._MG162,0.0,1081914.0
XANTHOMONAS_MASSILIENSIS,0.0,1720302.0
MONOGLOBUS_PECTINILYTICUS,0.0,1981510.0
XENORHABDUS_KHOISANAE,0.0,880157.0
MONEUPLOTES_CRASSUS,0.0,5936.0
MYCOBACTERIUM_BOURGELATII,0.0,1273442.0
MYCOBACTERIUM_HELVETICUM,0.0,2592811.0
MYCOBACTERIUM_PSEUDOKANSASII,0.0,2341080.0
VIBRIO_CHOLERAE,0.0,666.0
NEGLECTA_SP._MARSEILLE-P3890,0.0,2014781.0
NEGATIVIBACILLUS_MASSILIENSIS,0.0,1871035.0
NAKAZAWAEA_WICKERHAMII,0.0,1538186.0
VIBRIO_SP._HA2012,0.0,1971595.0
NAKATAEA_ORYZAE,0.0,165778.0
NAGANISHIA_ALBIDA,0.0,100951.0
VIBRIO_SP._S12-S33,0.0,2720223.0
MYCOSPHAERELLA_ARACHIDIS,0.0,143450.0
MYCOBACTERIUM_TUBERCULOSIS,0.0,1773.0
VIBRIO_PARAHAEMOLYTICUS,0.0,670.0
WALTERA_SP._CLA-AA-H273,0.0,2881274.0
WALTERA_INTESTINALIS,0.0,2606635.0
WICKERHAMIELLA_PARARUGOSA,0.0,49331.0
MYCOLICIBACTERIUM_VANBAALENII,0.0,110539.0
MYCOLICIBACTERIUM_CANARIASENSE,0.0,228230.0
MYCOLICIBACTERIUM_SP._CBMA-234,0.0,1918495.0
XYLOGONE_SP._PMI-703,0.0,2614602.0
YARROWIA_ALIMENTARIA,0.0,479092.0
YERSINIA_FREDERIKSENII,0.0,29484.0
CRASSPHAGE_CR53_1,0.0,2772080.0
CRASSPHAGE_CR114_1,0.0,2772088.0
MICROBACTERIUM_ESTERAROMATICUM,0.0,57043.0
CRASSPHAGE_CR115_1,0.0,2772089.0
MICROBACTERIUM_SP._SD291,0.0,2782007.0
MICROBACTERIUM_SP._NY27,0.0,2782169.0
MICROBACTERIUM_SP._BWT-G7,0.0,2830666.0
CRASSPHAGE_CR52_1,0.0,2772079.0
METSCHNIKOWIA_SP._JCM-33374,0.0,2562755.0
MICROBACTERIUM_PALUDICOLA,0.0,300019.0
METHYLOBREVIS_PAMUKKALENSIS,0.0,1439726.0
METHYLOBACTERIUM_BRACHYTHECII,0.0,1176177.0
METHYLOBACTERIUM_SP._WSM2598,0.0,398261.0
CRASSPHAGE_CR56_1,0.0,2772081.0
CRASSPHAGE_CR8_1,0.0,2772068.0
METHYLOBACTERIUM_SP._W2,0.0,2598107.0
METHANOSARCINA_SP._MTP4,0.0,1434100.0
CRASSPHAGE_CR11_1,0.0,2772067.0
MICROBACTERIUM_SEDIMINIS,0.0,904291.0
YUEOMYCES_SINENSIS,0.0,58632.0
ZYGOSACCHAROMYCES_SIAMENSIS,0.0,1074906.0
ZHIHENGLIUELLA_HALOTOLERANS,0.0,370736.0
MODICELLA_RENIFORMIS,0.0,1440133.0
MOBILUNCUS_MULIERIS,0.0,2052.0
MOBILIBACTERIUM_TIMONENSE,0.0,1871012.0
MITSUOKELLA_SP._ORAL-TAXON-131,0.0,1321780.0
ZOOGLOEA_SP._LCSB751,0.0,1965277.0
MICROVIRGA_MASSILIENSIS,0.0,1033741.0
MICROMONOSPORA_ZINGIBERIS,0.0,2053011.0
MICROBACTERIUM_SUAEDAE,0.0,2067813.0
MICROMONOSPORA_PALLIDA,0.0,145854.0
MICROMONOSPORA_SP._CB01531,0.0,1718947.0
MICROLUNATUS_SPELUNCAE,0.0,2594267.0
MICROLUNATUS_SAGAMIHARENSIS,0.0,546874.0
MICROCOLEUS_SP._FACHB-SPT15,0.0,2692830.0
MICROBOTRYUM_INTERMEDIUM,0.0,269621.0
CRASSPHAGE_CR106_1,0.0,2772062.0
NEGLECTA_TIMONENSIS,0.0,1776382.0
VELOCIMICROBIUM_PORCI,0.0,2606634.0
VEILLONELLA_ATYPICA,0.0,39777.0
OCEANOBACILLUS_MASSILIENSIS,0.0,1465765.0
OLSENELLA_SP._AN285,0.0,1965621.0
OLIVIBACTER_SITIENSIS,0.0,376470.0
TISSIERELLA_CARLIERI,0.0,689904.0
TISSIERELLA_CREATININI,0.0,43143.0
TISSIERELLA_PIGRA,0.0,2607614.0
ODORIBACTER_SP._Z80,0.0,2304575.0
ODORIBACTER_SP._OF09-27XD,0.0,2293112.0
OCEANOBACILLUS_JEDDAHENSE,0.0,1462527.0
OLSENELLA_PROFUSA,0.0,138595.0
OCEANOBACILLUS_SP._CFH-90083,0.0,2592336.0
TISTRELLA_BAUZANENSIS,0.0,657419.0
TREPONEMA_PERUENSE,0.0,2787628.0
TREPONEMA_PRIMITIA,0.0,88058.0
TREPONEMA_ZIOLECKII,0.0,331680.0
OCEANIDESULFOVIBRIO_INDONESIENSIS,0.0,54767.0
NOVOSPHINGOBIUM_ENDOPHYTICUM,0.0,1955250.0
OLSENELLA_SP._GAM18,0.0,2109685.0
TINDALLIA_MAGADIENSIS,0.0,69895.0
TRICHODERMA_ASPERELLUM,0.0,101201.0
ORIENTIA_TSUTSUGAMUSHI,0.0,784.0
THERMOCLOSTRIDIUM_CAENICOLA,0.0,659425.0
THERMOFLAVIMICROBIUM_DICHOTOMICUM,0.0,46223.0
THERMOPHAGUS_XIAMENENSIS,0.0,385682.0
ORNITHINIMICROBIUM_CICONIAE,0.0,2594265.0
THERMOTOGA_CALDIFONTIS,0.0,1508419.0
THIOCLAVA_ATLANTICA,0.0,1317124.0
ORNITHINIMICROBIUM_CAVERNAE,0.0,2666047.0
THIOHALOSPIRA_HALOPHILA,0.0,381300.0
THRAUSTOCHYTRIUM_AUREUM,0.0,42467.0
ORIBACTERIUM_SP._ORAL-TAXON-102,0.0,671214.0
ORIBACTERIUM_SP._ORAL-TAXON-078,0.0,652706.0
ORBILIA_OLIGOSPORA,0.0,2813651.0
THIOMICRORHABDUS_CHILENSIS,0.0,63656.0
THRAUSTOCHYTRIUM_SP._TN22,0.0,2736650.0
OPITUTUS_SP._GAS368,0.0,1882749.0
OLSENELLA_URININFANTIS,0.0,1871033.0
TRIBONEMA_MINUS,0.0,303371.0
TRICHODERMA_BREVICRASSUM,0.0,2034171.0
VARIOVORAX_SOLI,0.0,376815.0
VAGOCOCCUS_ACIDIFERMENTANS,0.0,564710.0
TURICIBACTER_SANGUINIS,0.0,154288.0
NEUROSPORA_TETRASPORA,0.0,94610.0
TUWONGELLA_IMMOBILIS,0.0,692036.0
TYZZERELLA_NEXILIS,0.0,29361.0
NEUROSPORA_TETRASPERMA,0.0,40127.0
NEPTUNOMONAS_JAPONICA,0.0,417574.0
URUBURUELLA_SUIS,0.0,252130.0
NEORHIZOBIUM_GALEGAE,0.0,399.0
TRYPANOSOMA_CRUZI,0.0,5693.0
VARIOVORAX_SP._PBL-H6,0.0,434009.0
NEOMICROCOCCUS_AESTUARII,0.0,556325.0
VARIOVORAX_SP._UMC13,0.0,1862326.0
NEOBITTARELLA_MASSILIENSIS,0.0,2041842.0
VARIOVORAX_SP._YR750,0.0,1884384.0
NEOBACILLUS_SOLI,0.0,220688.0
NEOBACILLUS_NOTOGINSENGISOLI,0.0,1578198.0
TSUNEONELLA_SUPRASEDIMINIS,0.0,2306996.0
NIABELLA_YANSHANENSIS,0.0,577386.0
TRICHODERMA_GAMSII,0.0,398673.0
NOCARDIOIDES_SP._BN130099,0.0,2607660.0
NONOMURAEA_WENCHANGENSIS,0.0,568860.0
NONOMURAEA_ARIDISOLI,0.0,2070368.0
NONOMURAEA_SP._H16431,0.0,2835864.0
NOCARDIOPSIS_SP._HUAS11,0.0,2183912.0
NOCARDIOIDES_SEONYUENSIS,0.0,2518371.0
NOCARDIOIDES_MARINUS,0.0,374514.0
NOCARDIOIDES_ALBUS,0.0,1841.0
NOCARDIA_YUNNANENSIS,0.0,2382165.0
NIGROGRANA_MACKINNONII,0.0,1489893.0
NOCARDIA_MACROTERMITIS,0.0,2585198.0
TRICHOLOMA_TERREUM,0.0,76328.0
NOCARDIA_BRASILIENSIS,0.0,37326.0
NITROSOSPIRA_MULTIFORMIS,0.0,1231.0
NITROSOMONAS_UREAE,0.0,44577.0
TRICHOSPORON_OVOIDES,0.0,82524.0
TRYPANOSOMA_CONGOLENSE,0.0,5692.0
PETROCELLA_ATLANTISENSIS,0.0,2173034.0
PHAEOBACTER_SP._HF9A,0.0,2721561.0
PETROTOGA_SP._8T1HF07-NAAC-6-1,0.0,1351838.0
PSEUDONOCARDIA_SP._HH130630-07,0.0,1690815.0
RUMINOCOCCUS_SP._AM31-15AC,0.0,2293202.0
RUMINOCOCCUS_SP._AM42-10AC,0.0,2293215.0
PSEUDOMONAS_SP._BF-RE-29,0.0,2832378.0
PSEUDOMONAS_SP._25-R-14,0.0,1844109.0
PSEUDOMARIMONAS_ARENOSA,0.0,2774145.0
RUMINOCOCCUS_SP._AM42-11,0.0,2292372.0
RUMINOCOCCUS_SP._AM43-6,0.0,2293216.0
RUMINOCOCCUS_SP._AM47-2BH,0.0,2293221.0
RUMINOCOCCUS_SP._AM54-1NS,0.0,2293226.0
RUMINOCOCCUS_SP._D40T1-170626-H2,0.0,2787081.0
RUMINOCOCCUS_SP._D54T1-190329-F1,0.0,2787114.0
RUMINOCOCCUS_SP._D55T1-190419-H1,0.0,2787130.0
RUMINOCOCCUS_SP._KGMB03662,0.0,2583230.0
RUMINOCOCCUS_SP._MCC718,0.0,2592649.0
RUMINOCOCCUS_SP._MSJ-25,0.0,2841536.0
PSEUDOFLAVONIFRACTOR_SP._SW1122,0.0,2530044.0
RUMINOCOCCUS_SP._MARSEILLE-P6503,0.0,2364796.0
PSEUDOMONAS_SP._GL-RE-29,0.0,2832375.0
RUMINOCOCCUS_SP._AM28-29LB,0.0,2293195.0
PSEUDOMONAS_SP._GM17,0.0,1144323.0
PSEUDOMONAS_FREDERIKSBERGENSIS,0.0,104087.0
RUMINOCOCCUS_SP._AF26-25AA,0.0,2293169.0
RUMINOCOCCUS_SP._AF31-8BH,0.0,2293174.0
PSEUDOMONAS_PUTIDA,0.0,303.0
PSEUDOMONAS_OTITIDIS,0.0,319939.0
PSEUDOMONAS_MANGROVI,0.0,2161748.0
RUMINOCOCCUS_SP._AF34-12,0.0,2293177.0
PSEUDOMONAS_GRAMINIS,0.0,158627.0
PSEUDOMONAS_FLUORESCENS,0.0,294.0
RUMINOCOCCUS_SP._AM28-13,0.0,2293194.0
RUMINOCOCCUS_SP._AF37-20,0.0,2293178.0
RUMINOCOCCUS_SP._AF37-3AC,0.0,2293179.0
PSEUDOMONAS_CICHORII,0.0,36746.0
RUMINOCOCCUS_SP._AM07-21,0.0,2292073.0
PSEUDOMONAS_SP._UMAB-08,0.0,1365375.0
RUMINOCOCCUS_SP._AM22-13,0.0,2292074.0
RUMINOCOCCUS_SP._AM27-16,0.0,2293192.0
RUMINOCOCCUS_SP._NK3A76,0.0,877411.0
RUMINOCOCCUS_SP._NSJ-71,0.0,2763066.0
RUMINOCOCCUS_SP._OF03-6AA,0.0,2293229.0
PROTOMYCES_GRAVIDUS,0.0,42469.0
PSEUDODESULFOVIBRIO_AESPOEENSIS,0.0,182210.0
PSEUDOBUTYRIVIBRIO_XYLANIVORANS,0.0,185007.0
PSEUDOBUTYRIVIBRIO_SP._OR37,0.0,1798186.0
PSEUDOBACTEROIDES_CELLULOSOLVENS,0.0,35825.0
PSEUDOBACTERIOVORAX_ANTILLOGORGIICOLA,0.0,1513793.0
PSEUDOALTEROMONAS_RUBRA,0.0,43658.0
PROVENCIBACTERIUM_MASSILIENSE,0.0,1841868.0
SALAQUIMONAS_PUKYONGI,0.0,2712698.0
SACCHAROTHRIX_ESPANAENSIS,0.0,103731.0
PROTEUS_VULGARIS,0.0,585.0
PROTEUS_MIRABILIS,0.0,584.0
SALINIBACTERIUM_SP._NK8237,0.0,2792038.0
SALINIBACTERIUM_AMURSKYENSE,0.0,205941.0
PROTEINIBORUS_SP._DW1,0.0,1889883.0
PROPIONISPIRA_ARBORIS,0.0,84035.0
SALINICOCCUS_CYPRINI,0.0,2493691.0
PSEUDOFLAVITALEA_RHIZOSPHAERAE,0.0,1884793.0
SACCHAROTHRIX_AUSTRALIENSIS,0.0,2072.0
RUMINOCOCCUS_SP._OM02-16LB,0.0,2302958.0
PSEUDOFLAVONIFRACTOR_SP._AN184,0.0,1965576.0
PSEUDOFLAVONIFRACTOR_SP._NSJ-25,0.0,2763059.0
RUMINOCOCCUS_SP._OM07-17,0.0,2293233.0
RUMINOCOCCUS_SP._OM08-9BH,0.0,2293236.0
RUMINOCOCCUS_SP._TF12-2,0.0,2293243.0
PSEUDOFLAVONIFRACTOR_SP._AN85,0.0,1965661.0
PSEUDOFLAVONIFRACTOR_SP._AN44,0.0,1965635.0
PSEUDOFLAVONIFRACTOR_SP._AN187,0.0,1965578.0
RUMINOCOCCUS_ALBUS,0.0,1264.0
SACCHAROMONOSPORA_CYANEA,0.0,40989.0
RUMINOCOCCUS_BICIRCULANS,0.0,1160721.0
PSEUDOFLAVONIFRACTOR_SP._AF19-9AC,0.0,2292244.0
RUMINOCOCCUS_CALLIDUS,0.0,40519.0
PSEUDOFLAVONIFRACTOR_SP._60,0.0,2304576.0
PSEUDOFLAVONIFRACTOR_SP._524-17,0.0,2304577.0
RUMINOCOCCUS_CHAMPANELLENSIS,0.0,1161942.0
RUSSULA_OCHROLEUCA,0.0,152965.0
PSEUDOMONAS_VIRIDIFLAVA,0.0,33069.0
PSEUDONOCARDIA_SP._MH-G8,0.0,1854588.0
ROSEBURIA_SP._NSJ-9,0.0,2763061.0
RUMINOCOCCUS_SP._AF25-19,0.0,2293165.0
RHODOCOCCUS_CAVERNICOLA,0.0,2495913.0
RHODOCOCCUS_SP._14-2470-1A,0.0,2023150.0
ROSEIBIUM_AGGREGATUM,0.0,187304.0
RHIZOPHAGUS_IRREGULARIS,0.0,588596.0
ROSEOMONAS_SP._MO17,0.0,2748666.0
ROSEOVARIUS_SP._SHN287,0.0,2824121.0
RHIZOBIUM_LEGUMINOSARUM,0.0,384.0
RHIZOBIUM_GIARDINII,0.0,56731.0
ROSEOVARIUS_ATLANTICUS,0.0,1641875.0
RUBELLIMICROBIUM_THERMOPHILUM,0.0,295419.0
RHIZOBIUM_DAEJEONENSE,0.0,240521.0
RUBNERIBACTER_BADENIENSIS,0.0,2070688.0
RHIZOBIUM_SP._WYCCWR10014,0.0,1825933.0
RUCTIBACTERIUM_GALLINARUM,0.0,2779355.0
RUDAEA_SP._3F27F6,0.0,2502208.0
RUFICOCCUS_SP._ZRK36,0.0,2866311.0
RHIZOBIUM_SP._RU36D,0.0,1907415.0
ROSEBURIA_PORCI,0.0,2605790.0
ROSEBURIA_HOMINIS,0.0,301301.0
RHODOCYCLUS_TENUIS,0.0,1066.0
ROSEBURIA_SP._831B,0.0,1261635.0
ROSEBURIA_SP._CLA-AA-H204,0.0,2881259.0
ROSEBURIA_SP._BX1005,0.0,2763064.0
ROSEBURIA_SP._AM59-24XD,0.0,2293138.0
ROSEBURIA_SP._AM51-8,0.0,2292366.0
ROSEBURIA_SP._AM23-20,0.0,2292066.0
ROSEBURIA_SP._AF42-8,0.0,2293137.0
ROSEBURIA_SP._AF15-21,0.0,2293128.0
ROSEBURIA_SP._499,0.0,1261634.0
ROSEBURIA_SP._OF03-24,0.0,2292367.0
ROSEBURIA_SP._1XD42-69,0.0,2320088.0
ROSEATELES_TERRAE,0.0,431060.0
RODENTIBACTER_SP._JRC1,0.0,2874504.0
RHODOTORULA_TORULOIDES,0.0,5286.0
RHODOTHERMUS_MARINUS,0.0,29549.0
RHODOPIRELLULA_SALLENTINA,0.0,1263869.0
RHODOPIRELLULA_SP._JC639,0.0,2755585.0
RHIZOBIUM_SP._LEAF306,0.0,1736330.0
RUGAMONAS_SP._FT82W,0.0,2692166.0
RHEINHEIMERA_SP._EPRS3,0.0,1712383.0
PSEUDOXANTHOMONAS_SP._PXM01,0.0,2769295.0
RUMINOCOCCUS_SP._AF18-29,0.0,2293156.0
PUCCINIA_ARACHIDIS,0.0,333523.0
RUMINOCOCCUS_SP._AF19-15,0.0,2293157.0
PSYCHROMONAS_INGRAHAMII,0.0,357794.0
RUMINOCOCCUS_SP._AF19-29,0.0,2293158.0
PSEUDOZYMA_FLOCCULOSA,0.0,84751.0
RUMINOCOCCUS_SP._AF21-11,0.0,2293161.0
PSEUDORUMINOCOCCUS_MASSILIENSIS,0.0,2086583.0
PUCCINIA_STRIIFORMIS,0.0,27350.0
PSEUDORUEGERIA_SP._SK021,0.0,1933035.0
PSEUDORHODOBACTER_ANTARCTICUS,0.0,1077947.0
RUMINOCOCCUS_SP._AF24-16,0.0,2293162.0
RUMINOCOCCUS_SP._AF25-13,0.0,2293163.0
PSEUDOPREVOTELLA_MUCINIPHILA,0.0,2133944.0
PSEUDOOCEANICOLA_ANTARCTICUS,0.0,1247613.0
PSEUDONOCARDIA_HYDROCARBONOXYDANS,0.0,76726.0
RUMINOCOCCUS_SP._AF17-22AC,0.0,2292248.0
PUNICEIBACTERIUM_SP._IMCC21224,0.0,1618204.0
RATHAYIBACTER_SP._VKM-AC-2760,0.0,2609253.0
QIPENGYUANIA_GAETBULI,0.0,266952.0
RAOULTELLA_PLANTICOLA,0.0,575.0
RUMINOCOCCUS_SP._1001095IJ-161003-G2,0.0,2787076.0
RUMINOCOCCUS_SP._1001136B-160425-D2,0.0,2787121.0
RAMLIBACTER_SP._2FC,0.0,2502188.0
RUMINOCOCCUS_SP._1001262B-160229-C12,0.0,2787082.0
RUMINOCOCCUS_SP._1001275B-160808-F8,0.0,2787131.0
QUADRISPHAERA_SP._DD2A,0.0,2593304.0
RUMINOCOCCUS_SP._1001713B170207-170306-F1,0.0,2787106.0
RUMINOCOCCUS_SP._AF17-11,0.0,2293150.0
PYTHIUM_GUIYANGENSE,0.0,429562.0
PYRRHODERMA_NOXIUM,0.0,2282107.0
RUMINOCOCCUS_SP._1001713B170207-170306-F5,0.0,2787139.0
RUMINOCOCCUS_SP._210702-SL-1-03,0.0,2883233.0
PYRENOCHAETA_SP._UM-256,0.0,1295359.0
PYGMAIOBACTER_MASSILIENSIS,0.0,1917873.0
RUMINOCOCCUS_SP._5-1-39BFAA,0.0,457412.0
SALINISPHAERA_SHABANENSIS,0.0,180542.0
PROLIFERODISCUS_DINGLEYAE,0.0,2283848.0
PRIESTIA_KOREENSIS,0.0,284581.0
PRIESTIA_ARYABHATTAI,0.0,412384.0
PLANOCOCCUS_PLAKORTIDIS,0.0,1038856.0
SOLIRUBROBACTER_SOLI,0.0,363832.0
PISTRICOCCUS_AURANTIACUS,0.0,1883414.0
SOLOBACTERIUM_MOOREI,0.0,102148.0
SORANGIUM_CELLULOSUM,0.0,56.0
SPATHASPORA_GORWIAE,0.0,1852163.0
PISOLITHUS_TINCTORIUS,0.0,37468.0
SPHAEROCHAETA_COCCOIDES,0.0,273376.0
SPHAEROCHAETA_GLOBOSA,0.0,1131703.0
PIEDRAIA_HORTAE,0.0,147573.0
PICHIA_MANSHURICA,0.0,121235.0
PHYTOPHTHORA_TAXON_TOTARA,0.0,1690101.0
PHYTOPHTHORA_SOJAE,0.0,67593.0
SPHINGOBACTERIUM_SP._FBM7-1,0.0,2886688.0
PHYTOPHTHORA_PALMIVORA,0.0,4796.0
SPHINGOBACTERIUM_DESERTI,0.0,1229276.0
PHYTOHABITANS_RUMICIS,0.0,1076125.0
SOLIMONAS_SOLI,0.0,413479.0
PLANTACTINOSPORA_SP._KBS50,0.0,2024580.0
PLANTACTINOSPORA_SOYAE,0.0,1544732.0
POLARIBACTER_SP._IC073,0.0,2508540.0
SIMINOVITCHIA_TERRAE,0.0,1914933.0
PONTIBACTER_AKESUENSIS,0.0,388950.0
PONTIBACTER_ACTINIARUM,0.0,323450.0
PONTIBACILLUS_CHUNGWHENSIS,0.0,265426.0
POLYPORUS_BRUMALIS,0.0,139420.0
POLYMORPHOSPORA_RUBRA,0.0,338584.0
POLARIBACTER_IRGENSII,0.0,531.0
POLARELLA_GLACIALIS,0.0,89957.0
PLASMODIUM_SP._GORILLA-CLADE-G2,0.0,880535.0
PLEUROTUS_CITRINOPILEATUS,0.0,98342.0
PLEOMORPHOMONAS_ORYZAE,0.0,261934.0
PLEOCHAETA_SHIRAIANA,0.0,57462.0
PLECTOSPHAERELLA_PLURIVORA,0.0,936078.0
SINORHIZOBIUM_MELILOTI,0.0,382.0
SINORHIZOBIUM_SAHELI,0.0,36856.0
SODALIPHILUS_PLEOMORPHUS,0.0,2606626.0
PHYTOACTINOPOLYSPORA_ENDOPHYTICA,0.0,1642495.0
SPHINGOBACTERIUM_GRISEOFLAVUM,0.0,1474952.0
SPHINGOBACTERIUM_PHLEBOTOMI,0.0,2605433.0
STRAMENOPILES_SP._TOSAG23-6,0.0,1735747.0
SPOROTHRIX_SCHENCKII,0.0,29908.0
PHOCAEICOLA_COPROPHILUS,0.0,387090.0
STAPHYLOCOCCUS_MASSILIENSIS,0.0,555791.0
STENOTROPHOMONAS_MALTOPHILIA,0.0,40324.0
PHIALOCEPHALA_SUBALPINA,0.0,576137.0
STOMATOBACULUM_LONGUM,0.0,796942.0
PHASCOLARCTOBACTERIUM_SUCCINATUTENS,0.0,626940.0
PHASCOLARCTOBACTERIUM_SP._MARSEILLE-Q4147,0.0,2823317.0
PHOCAEICOLA_PAUROSACCHAROLYTICUS,0.0,732242.0
STREPTACIDIPHILUS_SP._P02-A3A,0.0,2704468.0
STREPTOCOCCUS_CANIS,0.0,1329.0
STREPTOCOCCUS_DYSGALACTIAE,0.0,1334.0
PHAGE_DP_SC-6-H4-2017,0.0,2723243.0
PHAGE_DP_SC-2-H4-2017,0.0,2723242.0
PHAFFOMYCES_THERMOTOLERANS,0.0,54046.0
STREPTOCOCCUS_EQUI,0.0,1336.0
SPOROTHRIX_CURVICONIA,0.0,1260050.0
SPOROSARCINA_SP._P16B,0.0,2048261.0
SPHINGOBIUM_SP._HDIP04,0.0,428994.0
SPIROSOMA_SP._KUDC1026,0.0,2745947.0
PHREATOBACTER_STYGIUS,0.0,1940610.0
PHOTORHABDUS_HETERORHABDITIS,0.0,880156.0
PHOTOBACTERIUM_PHOSPHOREUM,0.0,659.0
SPHINGOMONAS_GINSENOSIDIVORAX,0.0,862135.0
SPIROSOMA_SP._KCTC-42546,0.0,2520506.0
PHOTOBACTERIUM_GAETBULICOLA,0.0,1295392.0
PHORMIDIUM_SP._FACHB-1136,0.0,2692848.0
SPIROSOMA_POLLINICOLA,0.0,2057025.0
PHOCAEICOLA_SALANITRONIS,0.0,376805.0
SPONGIACTINOSPORA_ROSEA,0.0,2248750.0
PHOENICIBACTER_CONGONENSIS,0.0,1944646.0
SPORIDIOBOLUS_PARAROSEUS,0.0,5003.0
SPORISORIUM_REILIANUM,0.0,72558.0
SPOROBACTER_TERMITIDIS,0.0,44749.0
SPOROFACIENS_MUSCULI,0.0,2681861.0
SPOROLACTOBACILLUS_SHOREAE,0.0,1465501.0
PORCINCOLA_INTESTINALIS,0.0,2606632.0
SHIMAZUELLA_KRIBBENSIS,0.0,139808.0
SHARPEA_PORCI,0.0,2652286.0
PREVOTELLA_IHUMII,0.0,1917878.0
PREVOTELLA_MELANINOGENICA,0.0,28132.0
PREVOTELLA_MARSEILLENSIS,0.0,2479840.0
PREVOTELLA_MACULOSA,0.0,439703.0
PREVOTELLA_LOESCHEII,0.0,840.0
PREVOTELLA_LASCOLAII,0.0,1776379.0
PREVOTELLA_JEJUNI,0.0,1177574.0
PREVOTELLA_INTERMEDIA,0.0,28131.0
SCEDOSPORIUM_BOYDII,0.0,5597.0
PREVOTELLA_MIZRAHII,0.0,2606637.0
PREVOTELLA_DISIENS,0.0,28130.0
SCHAEDLERELLA_ARABINOSIPHILA,0.0,2044587.0
PREVOTELLA_DENTICOLA,0.0,28129.0
PREVOTELLA_DENTASINI,0.0,589537.0
SCHEFFERSOMYCES_LIGNOSUS,0.0,1111081.0
PREVOTELLA_CONCEPTIONENSIS,0.0,340486.0
PREVOTELLA_BUCCALIS,0.0,28127.0
PREVOTELLA_MICANS,0.0,189723.0
PREVOTELLA_MULTIFORMIS,0.0,282402.0
PREVOTELLA_BREVIS,0.0,83231.0
PREVOTELLA_RUMINICOLA,0.0,839.0
SALINISPIRA_PACIFICA,0.0,1307761.0
PREVOTELLAMASSILIA_TIMONENSIS,0.0,1852370.0
PREVOTELLA_VERORALIS,0.0,28137.0
PREVOTELLA_TIMONENSIS,0.0,386414.0
SALINISPORA_VITIENSIS,0.0,999544.0
SALMONELLA_ENTERICA,0.0,28901.0
PREVOTELLA_SACCHAROLYTICA,0.0,633701.0
PREVOTELLA_RARA,0.0,1676614.0
PREVOTELLA_MULTISACCHARIVORAX,0.0,310514.0
PREVOTELLA_PHOCAEENSIS,0.0,1776388.0
SARCINA_SP._DSM-11001,0.0,1798184.0
PREVOTELLA_OULORUM,0.0,28136.0
PREVOTELLA_NIGRESCENS,0.0,28133.0
SCEDOSPORIUM_SP._IMV-00882,0.0,2562444.0
SCEDOSPORIUM_APIOSPERMUM,0.0,563466.0
PREVOTELLA_NANCEIENSIS,0.0,425941.0
PREVOTELLA_BRYANTII,0.0,77095.0
PREVOTELLA_BIVIA,0.0,28125.0
PORPHYROMONAS_ASACCHAROLYTICA,0.0,28123.0
PREVOTELLA_SP._AM42-24,0.0,2293125.0
PREVOTELLA_SP._P3-122,0.0,2024223.0
PREVOTELLA_SP._P2-180,0.0,2024224.0
PREVOTELLA_SP._MARSEILLE-P4119,0.0,2079531.0
PREVOTELLA_SP._MGM2,0.0,2033406.0
PREVOTELLA_SP._HUN102,0.0,1392486.0
PREVOTELLA_SP._FD3004,0.0,1408309.0
SELENOMONAS_SP._MPRGC5,0.0,2593411.0
SELENOMONAS_SP._ORAL-TAXON-892,0.0,1321785.0
PREVOTELLA_SP._P4-119,0.0,2024218.0
PREVOTELLA_SP._AM34-19LB,0.0,2292364.0
PREVOTELLA_SP._AGR2160,0.0,1280674.0
SELENOMONAS_INFELIX,0.0,135082.0
SENEGALIMASSILIA_ANAEROBIA,0.0,1473216.0
PORPHYROMONAS_UENONIS,0.0,281920.0
SERRATIA_RHIZOSPHAERAE,0.0,2597702.0
PORPHYROMONAS_GINGIVALIS,0.0,837.0
SEGETIBACTER_SP._3557-3,0.0,2547429.0
PREVOTELLA_SP._P4-51,0.0,2024228.0
PREVOTELLA_BERGENSIS,0.0,242750.0
PREVOTELLA_SP._WR041,0.0,2801997.0
SCISCIONELLA_SP._SE31,0.0,1445613.0
PREVOTELLA_BARONIAE,0.0,305719.0
PREVOTELLA_ALBENSIS,0.0,77768.0
PREVOTELLA_SP._TF2-5,0.0,1761889.0
PREVOTELLA_SP._TC2-28,0.0,1761888.0
PREVOTELLA_SP._ORAL-TAXON-475,0.0,712471.0
PREVOTELLA_SP._NE3005,0.0,1761887.0
PREVOTELLA_SP._S7-1-8,0.0,1284775.0
PREVOTELLA_SP._P5-126,0.0,2024216.0
PREVOTELLA_SP._REP29,0.0,2691580.0
PREVOTELLA_SP._R6025,0.0,2854755.0
PREVOTELLA_SP._PMUR,0.0,2736290.0
SEDIMINIBACTERIUM_GINSENGISOLI,0.0,413434.0
PREVOTELLA_SP._P6B1,0.0,1410613.0
PREVOTELLA_SP._P5-92,0.0,2024222.0
PREVOTELLA_SP._P5-64,0.0,2024226.0
METHANOLOBUS_VULCANI,0.0,38026.0
ABSIELLA_SP._AM54-8XD,0.0,2292279.0
METAPREVOTELLA_MASSILIENSIS,0.0,1870999.0
BOSEA_SP._ASV33,0.0,2795106.0
BRADYRHIZOBIUM_IVORENSE,0.0,2511166.0
BRADYRHIZOBIUM_SP._LEO121,0.0,1571195.0
BRACHYSPIRA_HYODYSENTERIAE,0.0,159.0
BRACHYBACTERIUM_TIMONENSE,0.0,2050896.0
BRACHYBACTERIUM_SAURASHTRENSE,0.0,556288.0
BRACHYBACTERIUM_PARACONGLOMERATUM,0.0,173362.0
BRACHYBACTERIUM_ALIMENTARIUM,0.0,47845.0
BOTRYTIS_PORRI,0.0,87229.0
BOTRYTIS_PAEONIAE,0.0,278948.0
BOTRYOBASIDIUM_BOTRYOSUM,0.0,264124.0
BORDETELLA_BRONCHIALIS,0.0,463025.0
BRENNERIA_SP._CFCC-11842,0.0,2173106.0
BLUMERIA_GRAMINIS,0.0,34373.0
BLAUTIA_STERCORIS,0.0,871664.0
BLAUTIA_SCHINKII,0.0,180164.0
BLAUTIA_PRODUCTA,0.0,33035.0
BLAUTIA_OBEUM,0.0,40520.0
BLAUTIA_MASSILIENSIS,0.0,1737424.0
BLAUTIA_MARASMI,0.0,1917868.0
BLAUTIA_LUTI,0.0,89014.0
BLAUTIA_LIQUORIS,0.0,2779518.0
BLAUTIA_HYDROGENOTROPHICA,0.0,53443.0
BRASILONEMA_BROMELIAE,0.0,383615.0
BREVIBACILLUS_SP._YIM-B02290,0.0,2892995.0
BLAUTIA_GLUCERASEA,0.0,536633.0
BUTYRICICOCCUS_SP._AF24-19AC,0.0,2292199.0
BUTYRICICOCCUS_FAECIHOMINIS,0.0,1712515.0
BUTYRICICOCCUS_SP._OM06-6AC,0.0,2292301.0
BUTYRICICOCCUS_SP._OM04-18BH,0.0,2292300.0
BUTYRICICOCCUS_SP._OF10-2,0.0,2292298.0
BUTYRICICOCCUS_SP._BIOML-A1,0.0,2584625.0
BUTYRICICOCCUS_SP._AM42-5AC,0.0,2292297.0
BUTYRICICOCCUS_SP._AM32-19,0.0,2292296.0
BUTYRICICOCCUS_SP._AM18-35,0.0,2292005.0
BUTYRICICOCCUS_SP._AM05-1,0.0,2292004.0
BUTYRICICOCCUS_SP._AF35-5AC,0.0,2292003.0
BUTYRICICOCCUS_SP._AF22-28AC,0.0,2292198.0
BREVIBACTERIUM_SENEGALENSE,0.0,1033736.0
BUTYRICICOCCUS_SP._AF15-40,0.0,2292197.0
BURKHOLDERIA_REIMSIS,0.0,2234132.0
BURKHOLDERIA_MULTIVORANS,0.0,87883.0
BURKHOLDERIA_SP._SE-20373,0.0,2703898.0
BURKHOLDERIA_SP._AC-20365,0.0,2703897.0
BULLEIDIA_EXTRUCTA,0.0,118748.0
BREVUNDIMONAS_FLUMINIS,0.0,2487274.0
BREVUNDIMONAS_SP._AJA228-03,0.0,2752515.0
BREVIOLUM_MINUTUM,0.0,2499525.0
BREVILACTIBACTER_COLEOPTERORUM,0.0,2714937.0
BLAUTIA_HANSENII,0.0,1322.0
BLAUTIA_FAECICOLA,0.0,2509240.0
BUTYRICICOCCUS_PULLICAECORUM,0.0,501571.0
BIFIDOBACTERIUM_BOUM,0.0,78343.0
BLASTOMYCES_PARVUS,0.0,2060905.0
BITTARELLA_MASSILIENSIS,0.0,1720313.0
BIFIDOBACTERIUM_TISSIERI,0.0,1630162.0
BIFIDOBACTERIUM_SAMIRII,0.0,2306974.0
BIFIDOBACTERIUM_SAGUINI,0.0,762210.0
BIFIDOBACTERIUM_PULLORUM,0.0,78448.0
BIFIDOBACTERIUM_PSEUDOCATENULATUM,0.0,28026.0
BIFIDOBACTERIUM_LONGUM,0.0,216816.0
BIFIDOBACTERIUM_EULEMURIS,0.0,1765219.0
BIFIDOBACTERIUM_BREVE,0.0,1685.0
BIFIDOBACTERIUM_ADOLESCENTIS,0.0,1680.0
BLATTABACTERIUM_CUENOTI,0.0,1653831.0
BIFIDOBACTERIUM_SP._DSM-109957,0.0,2705429.0
BIFIDOBACTERIUM_SP._CP2,0.0,2809025.0
BHARGAVAEA_CECEMBENSIS,0.0,394098.0
BARTONELLA_SP._W8125,0.0,2750995.0
BARNESIELLA_VISCERICOLA,0.0,397865.0
BARNESIELLA_SP._WM24,0.0,2558278.0
BARNESIELLA_SP._CU968,0.0,2780099.0
BARNESIELLA_SP._AN55,0.0,1965646.0
BARNESIELLA_SP._AN22,0.0,1965590.0
BARIATRICUS_MASSILIENSIS,0.0,1745713.0
BLASTOMYCES_SILVERAE,0.0,2060906.0
BLAUTIA_SP._1001283B150304-161114-C9,0.0,2787821.0
BLAUTIA_ARGI,0.0,1912897.0
BLAUTIA_SP._MCC269,0.0,2592638.0
BLAUTIA_SP._TM10-2,0.0,2292990.0
BLAUTIA_SP._TF11-31AT,0.0,2292987.0
BLAUTIA_SP._SG-772,0.0,2109334.0
BLAUTIA_SP._OM06-15AC,0.0,2292984.0
BLAUTIA_SP._OM05-6,0.0,2292983.0
BLAUTIA_SP._OF11-22,0.0,2292982.0
BLAUTIA_SP._OF03-15BH,0.0,2292287.0
BLAUTIA_SP._MSJ-36,0.0,2841530.0
BLAUTIA_SP._MSJ-19,0.0,2841517.0
BLAUTIA_SP._MCC289,0.0,2592641.0
BLAUTIA_SP._DFI-9-9,0.0,2885260.0
BLAUTIA_SP._AF13-16,0.0,2292195.0
BLAUTIA_SP._DFI-3-45,0.0,2885261.0
BLAUTIA_SP._DFI-1-216,0.0,2885264.0
BLAUTIA_SP._CLA-AA-H217,0.0,2881264.0
BLAUTIA_SP._BX17,0.0,2763030.0
BLAUTIA_SP._BIOML-A1,0.0,2584624.0
BLAUTIA_SP._BCRC-81119,0.0,2212480.0
BLAUTIA_SP._AN46,0.0,1965636.0
BLAUTIA_SP._AF26-2,0.0,2292966.0
BLAUTIA_SP._AF19-13LB,0.0,2292962.0
BLAUTIA_SP._AF19-1,0.0,2292960.0
BUTYRICICOCCUS_PORCORUM,0.0,1945634.0
BUTYRICIMONAS_SP._AN62,0.0,1965649.0
BACTEROIDES_RETICULOTERMITIS,0.0,1133319.0
CLOSTRIDIUM_SP._AF20-7,0.0,2293002.0
CLOSTRIDIUM_SP._AM09-51,0.0,2293022.0
CLOSTRIDIUM_SP._AF43-10,0.0,2293018.0
CLOSTRIDIUM_SP._AF37-5AT,0.0,2292007.0
CLOSTRIDIUM_SP._AF37-5,0.0,2293016.0
CLOSTRIDIUM_SP._AF36-4,0.0,2293015.0
CLOSTRIDIUM_SP._AF36-18BH,0.0,2293014.0
CLOSTRIDIUM_SP._AF34-13,0.0,2293012.0
CLOSTRIDIUM_SP._AF34-10BH,0.0,2293011.0
CLOSTRIDIUM_SP._AF27-2AA,0.0,2292206.0
CLOSTRIDIUM_SP._AF23-8,0.0,2293006.0
CLOSTRIDIUM_SP._AF15-6B,0.0,2292998.0
CLOSTRIDIUM_SP._AM22-16AC,0.0,2292009.0
CLOSTRIDIUM_SP._AF15-49,0.0,2292997.0
CLOSTRIDIUM_SP._AF02-29,0.0,2292993.0
CLOSTRIDIOIDES_DIFFICILE,0.0,1496.0
CLAVARIA_FUMOSA,0.0,264083.0
CLADOSPORIUM_SPHAEROSPERMUM,0.0,92950.0
CLADOSPORIUM_CUCUMERINUM,0.0,166633.0
CLADOPHIALOPHORA_BANTIANA,0.0,89940.0
CLADOCOPIUM_SP._CLADE-C,0.0,293275.0
CITROBACTER_RODENTIUM,0.0,67825.0
CITRICOCCUS_ZHACAIENSIS,0.0,489142.0
CLOSTRIDIUM_SP._AM22-11AC,0.0,2293024.0
CLOSTRIDIUM_SP._AM25-23AC,0.0,2305240.0
CHRYSEOBACTERIUM_SP._LC2016-29,0.0,2897331.0
CLOSTRIDIUM_SP._BL-8,0.0,349938.0
CLOSTRIDIUM_SP._M62-1,0.0,411486.0
CLOSTRIDIUM_SP._KNHS216,0.0,1550235.0
CLOSTRIDIUM_SP._HBUAS56010,0.0,2571127.0
CLOSTRIDIUM_SP._DSM-8431,0.0,1761781.0
CLOSTRIDIUM_SP._D53T1-180928-C8,0.0,2787101.0
CLOSTRIDIUM_SP._D43T1-170807-D5,0.0,2787150.0
CLOSTRIDIUM_SP._D33T1-170424-F3,0.0,2787099.0
CLOSTRIDIUM_SP._C5-48,0.0,2547410.0
CLOSTRIDIUM_SP._BC-ISO-3,0.0,1848158.0
CLOSTRIDIUM_SP._BNL1100,0.0,755731.0
CLOSTRIDIUM_SP._BIOML-A1,0.0,2584627.0
CLOSTRIDIUM_SP._AM27-28,0.0,2293025.0
CLOSTRIDIUM_SP._ATCC-BAA-442,0.0,649724.0
CLOSTRIDIUM_SP._AM51-4,0.0,2293036.0
CLOSTRIDIUM_SP._AM45-5,0.0,2292306.0
CLOSTRIDIUM_SP._AM42-4,0.0,2292305.0
CLOSTRIDIUM_SP._AM34-9AC,0.0,2293030.0
CLOSTRIDIUM_SP._AM34-11AC,0.0,2305242.0
CLOSTRIDIUM_SP._AM33-3,0.0,2292304.0
CLOSTRIDIUM_SP._AM32-2,0.0,2293029.0
CLOSTRIDIUM_SP._AM30-24,0.0,2292303.0
CLOSTRIDIUM_SP._AM28-20LB,0.0,2293027.0
CHRYSEOBACTERIUM_ENDALHAGICUM,0.0,2797638.0
CHRISTENSENELLA_HONGKONGENSIS,0.0,270498.0
BUTYRICIMONAS_SP._MARSEILLE-P3923,0.0,1987504.0
CAMPYLOBACTER_CONCISUS,0.0,199.0
CAPROICIBACTER_FERMENTANS,0.0,2576756.0
CAPNOCYTOPHAGA_HAEMOLYTICA,0.0,45243.0
CAPNOCYTOPHAGA_GINGIVALIS,0.0,1017.0
CANTHARELLUS_LUTESCENS,0.0,104198.0
CANDIDATUS_STOQUEFICHUS_SP--SB1,0.0,1658109.0
CANDIDATUS_ROSEILINEA_SP--NK-OTU-006,0.0,2704250.0
CANDIDATUS_PANTOEA_CARBEKII,0.0,1235990.0
CANDIDATUS_GROMOVIELLA_AGGLOMERANS,0.0,2806609.0
CANDIDATUS_BORKFALKIA_CEFTRIAXONIPHILA,0.0,2508949.0
CAMPYLOBACTER_LANIENAE,0.0,75658.0
CAMPYLOBACTER_COLI,0.0,195.0
CAPROICIPRODUCENS_SP._AGMB10547,0.0,2820301.0
CALONECTRIA_NAVICULATA,0.0,182846.0
CALDIBACILLUS_PASINLERENSIS,0.0,2703818.0
CAENIMONAS_SP._HX-9-20,0.0,2596921.0
CABALLERONIA_SORDIDICOLA,0.0,196367.0
BUTYRIVIBRIO_CROSSOTUS,0.0,45851.0
BUTYRIVIBRIO_SP._VCB2006,0.0,1280679.0
BUTYRIVIBRIO_SP._NC2002,0.0,1410610.0
BUTYRIVIBRIO_SP._MC2021,0.0,1408306.0
BUTYRIVIBRIO_SP._MB2005,0.0,1280678.0
BUTYRIVIBRIO_SP._FCS014,0.0,1408304.0
CAPROICIBACTERIUM_AMYLOLYTICUM,0.0,2766537.0
CAPROICIPRODUCENS_SP._NJN-50,0.0,2507162.0
CHRISTENSENELLA_SP._MARSEILLE-P3954,0.0,2086585.0
CEPHALOASCUS_ALBIDUS,0.0,43958.0
CHONDROMYCES_CROCATUS,0.0,52.0
CHITINOPHAGA_RUPIS,0.0,573321.0
CHITINOPHAGA_POLYSACCHAREA,0.0,1293035.0
CHITINOPHAGA_SP._SIC0106,0.0,2854785.0
CHITINIPHILUS_SHINANONENSIS,0.0,553088.0
CHELATOCOCCUS_SP._HY11,0.0,2835634.0
CHAETOMIUM_THERMOPHILUM,0.0,209285.0
CETRASPORA_PELLUCIDA,0.0,1433469.0
CERATOBASIDIUM_SP._UAMH-11750,0.0,2601501.0
CERATOBASIDIUM_SP._370,0.0,2600201.0
CENTIPEDA_PERIODONTII,0.0,82203.0
CAPROICIPRODUCENS_GALACTITOLIVORANS,0.0,642589.0
CELLULOMONAS_PHRAGMITETI,0.0,478780.0
CECEMBIA_CALIDIFONTIS,0.0,1187080.0
CAVENDERIA_DEMINUTIVA,0.0,361123.0
CAULIFIGURA_CONIFORMIS,0.0,2527983.0
CATONELLA_MASSILIENSIS,0.0,2799636.0
CATENULISPORA_ACIDIPHILA,0.0,304895.0
CATENIBACTERIUM_MITSUOKAI,0.0,100886.0
CATENIBACILLUS_SCINDENS,0.0,673271.0
CATELLATOSPORA_SP._TT07R-123,0.0,2733863.0
CARNOBACTERIUM_ALTERFUNDITUM,0.0,28230.0
BACTEROIDES_TIMONENSIS,0.0,1470345.0
BACTEROIDES_PHAGE_CRASS001,0.0,2301731.0
METABACILLUS_SEDIMINILITORIS,0.0,2567941.0
ALLONOCARDIOPSIS_OPALESCENS,0.0,1144618.0
AMYCOLATOPSIS_SP._CA-230715,0.0,2745196.0
AMYCOLATOPSIS_SP._A23,0.0,2606593.0
AMPHIDINIUM_CARTERAE,0.0,2961.0
AMORPHOTHECA_RESINAE,0.0,5101.0
AMINIPILA_LUTICELLARII,0.0,2507160.0
ALTERNARIA_ATRA,0.0,119953.0
ALTERINIOELLA_NITRATIREDUCENS,0.0,2735915.0
ALTERIBACILLUS_BIDGOLENSIS,0.0,930129.0
ALLOPREVOTELLA_SP._OH1205-COT-284,0.0,2491043.0
ALLOPREVOTELLA_SP._LUNG230,0.0,2766595.0
ALKALIHALOBACILLUS_LEHENSIS,0.0,300825.0
AMYCOLATOPSIS_ANABASIS,0.0,1840409.0
ALKALIHALOBACILLUS_HEMICELLULOSILYTICUS,0.0,127886.0
ALKALICELLA_CALEDONIENSIS,0.0,2731377.0
ALISTIPES_DISPAR,0.0,2585119.0
ALISTIPES_SP._MARSEILLE-P5061,0.0,2048242.0
ALIIRUEGERIA_HALIOTIS,0.0,1280846.0
ALIIKANGIELLA_CORALLIICOLA,0.0,2592383.0
ALGIBACTER_ALGINICILYTICUS,0.0,1736674.0
AKKERMANSIA_SP._BIOML-A61,0.0,2584617.0
AGROMYCES_AURANTIACUS,0.0,165814.0
AGROBACTERIUM_TUMEFACIENS,0.0,358.0
AMYCOLATOPSIS_SP._SID8362,0.0,2690346.0
AMYCOLATOPSIS_THERMOFLAVA,0.0,84480.0
AGATHOBACULUM_DESMOLANS,0.0,39484.0
ANAEROSALIBACTER_SP._MARSEILLE-P3206,0.0,1871005.0
APILACTOBACILLUS_QUENUIAE,0.0,2008377.0
APHANOCAPSA_MONTANA,0.0,327565.0
ANOXYBACILLUS_MONGOLIENSIS,0.0,452565.0
ANAEROVORAX_ODORIMUTANS,0.0,109327.0
ANAEROVORAX_SP._IOR16,0.0,2773458.0
ANAEROTRUNCUS_MASSILIENSIS,0.0,1673720.0
ANAEROTIGNUM_FAECICOLA,0.0,2358141.0
ANAEROSTIPES_CACCAE,0.0,105841.0
ANAEROSTIPES_SP._AF04-45,0.0,2292912.0
ANAEROSTIPES_SP._992A,0.0,1261637.0
ANAEROMASSILIBACILLUS_SENEGALENSIS,0.0,1673717.0
ANAEROBACTERIUM_CHARTISOLVENS,0.0,1297424.0
ANAEROMASSILIBACILLUS_SP._MARSEILLE-P4683,0.0,2041843.0
ANAEROMASSILIBACILLUS_SP._MARSEILLE-P3371,0.0,1944639.0
ANAEROMASSILIBACILLUS_SP._AN200,0.0,1965587.0
ANAEROMASSILIBACILLUS_SP._AN172,0.0,1965570.0
ANAEROMASSILIBACILLUS_SP._1001302B-160321-C8,0.0,2787132.0
ANAEROFILUM_SP._BX8,0.0,2763016.0
ANAEROCOLUMNA_XYLANOVORANS,0.0,100134.0
ANAEROCOLUMNA_AMINOVALERICA,0.0,1527.0
ANAEROCOCCUS_OBESIENSIS,0.0,1287640.0
ANAEROBUTYRICUM_SOEHNGENII,0.0,105843.0
AGGREGATIBACTER_ACTINOMYCETEMCOMITANS,0.0,714.0
AGATHOBACULUM_SP._NSJ-28,0.0,2763013.0
AQUABACTER_SP._L1I39,0.0,2820278.0
ACIDOVORAX_SP._MR-S7,0.0,1268622.0
ACTINOKINEOSPORA_FASTIDIOSA,0.0,1816.0
ACROCARPOSPORA_PHUSANGENSIS,0.0,1070424.0
ACINETOBACTER_TERRAE,0.0,2731247.0
ACINETOBACTER_QINGFENGENSIS,0.0,1262585.0
ACINETOBACTER_JUNII,0.0,40215.0
ACINETOBACTER_BAUMANNII,0.0,470.0
ACINETOBACTER_SP._YIM-103518,0.0,2665161.0
ACIDOVORAX_TEMPERANS,0.0,80878.0
ACIDOVORAX_SOLI,0.0,592050.0
ACIDOVORAX_MONTICOLA,0.0,1926868.0
ACIDOBACTERIUM_SP._4Y35,0.0,2763107.0
ACTINOMADURA_FIBROSA,0.0,111802.0
ACIDAMINOCOCCUS_INTESTINI,0.0,187327.0
ACIDAMINOCOCCUS_SP._BV3L6,0.0,1111120.0
ACIDAMINOCOCCUS_SP._AM33-14BH,0.0,2292909.0
ACHROMOBACTER_SP._DMS1,0.0,1688405.0
ACETOBACTEROIDES_HYDROGENIGENES,0.0,979970.0
ACETOBACTERIUM_TUNDRAE,0.0,132932.0
ACETIVIBRIO_ETHANOLGIGNENS,0.0,290052.0
ACETATIFACTOR_MURIS,0.0,879566.0
ACETANAEROBACTERIUM_ELONGATUM,0.0,258515.0
ACANTHAMOEBA_LENTICULATA,0.0,29196.0
ACTINOKINEOSPORA_PEGANI,0.0,2654637.0
ACTINOMADURA_MACRA,0.0,46164.0
AGATHOBACULUM_SP._MARSEILLE-P7918,0.0,2479843.0
ACUTALIBACTER_MURIS,0.0,1796620.0
AGATHOBACTER_RUMINIS,0.0,1712665.0
AEROMONAS_LUSITANA,0.0,931529.0
AEROMONAS_HYDROPHILA,0.0,644.0
AEROMICROBIUM_MASSILIENSE,0.0,1464554.0
AEROMICROBIUM_GINSENGISOLI,0.0,363867.0
AEROMICROBIUM_FASTIDIOSUM,0.0,52699.0
AEQUORIVITA_VISCOSA,0.0,797419.0
ADLERCREUTZIA_EQUOLIFACIENS,0.0,446660.0
ADHAERIBACTER_RADIODURANS,0.0,2745197.0
ACUTICOCCUS_MANGROVI,0.0,2796142.0
ACUTALIBACTER_SP._1XD8-36,0.0,2320852.0
ACTINOMORTIERELLA_AMBIGUA,0.0,1343610.0
ACUTALIBACTER_SP._1XD8-33,0.0,2320081.0
ACTINOTALEA_SP._HO-CH2,0.0,2607497.0
ACTINOSPICA_DURHAMENSIS,0.0,1508375.0
ACTINOPLANES_XINJIANGENSIS,0.0,512350.0
ACTINOPLANES_OCTAMYCINICUS,0.0,135948.0
ACTINOPLANES_ITALICUS,0.0,113567.0
ACTINOPLANES_GLOBISPORUS,0.0,113565.0
ACTINOPLANES_COUCHII,0.0,403638.0
ACTINOPLANES_AURANTICOLOR,0.0,47988.0
ACTINOPLANES_SP._L3-I22,0.0,2836373.0
APIOSPORA_MALAYSIANA,0.0,1337666.0
AQUASPIRILLUM_SERPENS,0.0,190.0
BACTEROIDES_OLEICIPLENUS,0.0,626931.0
BACTEROIDES_SP._AM37-9,0.0,2292951.0
BACTEROIDES_SP._HMSC068A09,0.0,1739319.0
BACTEROIDES_SP._D55T1-190419-B8,0.0,2787080.0
BACTEROIDES_SP._D22,0.0,585544.0
BACTEROIDES_SP._D2,0.0,556259.0
BACTEROIDES_SP._D1,0.0,556258.0
BACTEROIDES_SP._CBA7301,0.0,2715212.0
BACTEROIDES_SP._AN19,0.0,1965580.0
BACTEROIDES_SP._AR29,0.0,93975.0
BACTEROIDES_SP._AR20,0.0,93974.0
BACTEROIDES_SP._AM56-10CE,0.0,2302926.0
BACTEROIDES_SP._AM30-16,0.0,2292949.0
BACTEROIDES_SP._K03,0.0,2718928.0
BACTEROIDES_SP._AM26-11,0.0,2292945.0
BACTEROIDES_SP._AM23-18,0.0,2292943.0
BACTEROIDES_SP._AM23-12,0.0,2292942.0
BACTEROIDES_SP._AM18-9,0.0,2292940.0
BACTEROIDES_SP._AM16-15,0.0,2292939.0
BACTEROIDES_SP._AM16-13,0.0,2292938.0
BACTEROIDES_SP._AGMB03916,0.0,2739389.0
BACTEROIDES_SP._AF39-16AC,0.0,2292936.0
BACTEROIDES_SP._AF39-10AT,0.0,2292935.0
BACTEROIDES_SP._AF37-16AC,0.0,2292934.0
BACTEROIDES_SP._HMSC073E02,0.0,1739517.0
BACTEROIDES_SP._M27,0.0,2763021.0
BACTEROIDES_SP._AF33-23,0.0,2292930.0
BACTEROIDES_FAECICHINCHILLAE,0.0,871325.0
BACTEROIDES_NEONATI,0.0,1347393.0
BACTEROIDES_NDONGONIAE,0.0,1903262.0
BACTEROIDES_LUTI,0.0,1297750.0
BACTEROIDES_KRIBBI,0.0,1912894.0
BACTEROIDES_IHUAE,0.0,1852362.0
BACTEROIDES_HELCOGENES,0.0,290053.0
BACTEROIDES_GRAMINISOLVENS,0.0,477666.0
BACTEROIDES_GALLINACEUM,0.0,1462571.0
BACTEROIDES_FLUXUS,0.0,626930.0
BACTEROIDES_FAECIS,0.0,674529.0
BACTEROIDES_CUTIS,0.0,2024197.0
BACTEROIDES_SP._MSK-17-76,0.0,2849168.0
BACTEROIDES_CLARUS,0.0,626929.0
BACTEROIDES_CAECIGALLINARUM,0.0,1411144.0
BACTEROIDES_ACIDIFACIENS,0.0,85831.0
BACTEROIDES_SP._OF04-15BH,0.0,2292281.0
BACTEROIDES_SP._OF03-11BH,0.0,2292957.0
BACTEROIDES_SP._OF02-3LB,0.0,2292280.0
BACTEROIDES_SP._NSJ-48,0.0,2763020.0
BACTEROIDES_SP._NSJ-39,0.0,2763019.0
BACTEROIDES_SP._NSJ-21,0.0,2763025.0
BACTEROIDES_SP._MARSEILLE-P3684,0.0,2086579.0
BACTEROIDES_SP._AF34-31BH,0.0,2292931.0
BACTEROIDES_SP._AF32-8BH,0.0,2302925.0
AQUIBACILLUS_HALOPHILUS,0.0,930132.0
ASPERGILLUS_COREMIIFORMIS,0.0,138285.0
AZORHIZOBIUM_OXALATIPHILUM,0.0,980631.0
AZOHYDROMONAS_LATA,0.0,45677.0
AUREOCOCCUS_ANOPHAGEFFERENS,0.0,44056.0
AUREOBASIDIUM_PULLULANS,0.0,5580.0
ATHELIA_SP._TMB,0.0,2748771.0
ASPERGILLUS_UVARUM,0.0,446911.0
ASPERGILLUS_TRITICI,0.0,478866.0
ASPERGILLUS_NIGER,0.0,5061.0
ASPERGILLUS_HANCOCKII,0.0,1873369.0
ASPERGILLUS_EUCALYPTICOLA,0.0,1340029.0
ASPERGILLUS_SP._HF37,0.0,1960876.0
BACILLICULTUROMICA_MASSILIENSIS,0.0,1917867.0
ASANOA_IRIOMOTENSIS,0.0,234613.0
ARTHROBOTRYS_ENTOMOPAGA,0.0,321852.0
ARTHROBACTER_ECHINI,0.0,1529066.0
ARTHROBACTER_SP._U41,0.0,1849032.0
ARTHROBACTER_SP._SLBN-122,0.0,2768455.0
ARTHROBACTER_SP._M2012083,0.0,1197706.0
ARENIMONAS_MAOTAIENSIS,0.0,1446479.0
ARABIIBACTER_MASSILIENSIS,0.0,1870985.0
AQUISEDIMINIMONAS_SEDIMINICOLA,0.0,2676787.0
AQUIBACILLUS_KALIDII,0.0,2762597.0
AZOSPIRILLUM_SP._412522,0.0,2494548.0
BACILLUS_SP._FJAT-49711,0.0,2833585.0
BACTEROIDES_SP._AF29-11,0.0,2292928.0
BACTEROIDES_SP._3-1-33FAA,0.0,457391.0
BACTEROIDES_SP._AF27-10BH,0.0,2292927.0
BACTEROIDES_SP._AF26-7BH,0.0,2292193.0
BACTEROIDES_SP._AF26-10BH,0.0,2292926.0
BACTEROIDES_SP._AF25-38AC,0.0,2292924.0
BACTEROIDES_SP._AF20-13LB,0.0,2292921.0
BACTEROIDES_SP._AF18-33,0.0,2292920.0
BACTEROIDES_SP._A1C1,0.0,2528203.0
BACTEROIDES_SP._519,0.0,2302937.0
BACTEROIDES_SP._4-3-47FAA,0.0,457394.0
BACTEROIDES_SP._4-1-36,0.0,457393.0
BACTEROIDES_SP._3-1-13,0.0,457389.0
BACILLUS_AMYLOLIQUEFACIENS,0.0,1390.0
BACTEROIDES_SP._224,0.0,2302936.0
BACTEROIDES_SP._214,0.0,2302935.0
BACTEROIDES_SP._2-2-4,0.0,469590.0
BACTEROIDES_SP._1001302B-160321-D4,0.0,2789205.0
BACTEROIDES_SP._1001136B-160425-E2,0.0,2787083.0
BACTEROIDES_SP._1-1-30,0.0,457387.0
BACTERIOPHAGE_SP.,0.0,38018.0
BACILLUS_TIMONENSIS,0.0,1033734.0
BACILLUS_PSEUDOMYCOIDES,0.0,64104.0
BACILLUS_METHANOLICUS,0.0,1471.0
CLOSTRIDIUM_SP._MCC328,0.0,2592642.0
CLOSTRIDIUM_SP._MCC344,0.0,2592644.0
CLOSTRIDIUM_SP._MSTE9,0.0,1105031.0
HERMANSSONIA_CENTRIFUGA,0.0,98765.0
HYELLA_PATELLOIDES,0.0,1982969.0
HYDROGENOPHAGA_CRASSOSTREAE,0.0,1763535.0
HYDROGENOPHAGA_SP._NH-16,0.0,2184519.0
HYDROGENIICLOSTIDIUM_MANNOSILYTICUM,0.0,2764322.0
HWANGHAEICOLA_AESTUARII,0.0,568105.0
HUNGATELLA_XYLANOLYTICA,0.0,384636.0
HOYOSELLA_LACISALSI,0.0,2742202.0
HOLDEMANIA_FILIFORMIS,0.0,61171.0
HOEFLEA_MARINA,0.0,274592.0
HETEROSTELIUM_MULTICYSTOGENUM,0.0,1037917.0
HEMINIPHILUS_FAECIS,0.0,2601703.0
HYMENOBACTER_SP._BT523,0.0,2795725.0
HEMILEIA_VASTATRIX,0.0,203904.0
HALOMONAS_URMIANA,0.0,490901.0
HALOMONAS_SOCIA,0.0,1081866.0
HALOMONAS_MONTANILACUS,0.0,2282305.0
HALOMONAS_DENITRIFICANS,0.0,370769.0
HALOMONAS_SP._YLGW01,0.0,2773308.0
HALOMONAS_SP._HAL1,0.0,550984.0
HALOFERAX_MEDITERRANEI,0.0,2252.0
HALOECHINOTHRIX_HALOPHILA,0.0,1069073.0
HALODESULFOVIBRIO_SP._MK-HDV,0.0,2599925.0
HYMENOBACTER_SP._BRD67,0.0,2675877.0
HYMENOBACTER_GINKGONIS,0.0,2682976.0
HALOBACILLUS_MANGROVI,0.0,402384.0
JEOTGALIBACILLUS_MALAYSIENSIS,0.0,1508404.0
KOCURIA_SP._CX-455,0.0,2771377.0
KINEOTHRIX_SP._MSJ-39,0.0,2841533.0
KINEOSPORIA_BABENSIS,0.0,499548.0
KINEOBACTRUM_SEDIMINIS,0.0,1905677.0
KIBDELOSPORANGIUM_PHYTOHABITANS,0.0,860235.0
KIBDELOSPORANGIUM_ARIDUM,0.0,2030.0
KANDLERIA_VITULINA,0.0,1630.0
KALLIPYGA_GABONENSIS,0.0,1686287.0
KALAHARITUBER_PFEILII,0.0,139406.0
JEOTGALICOCCUS_PINNIPEDIALIS,0.0,110845.0
JEOTGALIBACA_PORCI,0.0,1868793.0
HYMENOBACTER_NIVIS,0.0,1850093.0
JANIBACTER_CREMEUS,0.0,1285192.0
INTUBIA_OERLEMANSII,0.0,2745884.0
INTESTINIMONAS_GABONENSIS,0.0,1702285.0
INOVIRIDAE_SP.,0.0,2219103.0
ILYOMONAS_LIMI,0.0,2575867.0
IDEONELLA_SP._4Y11,0.0,2824119.0
HYPOXYLON_LIENHWACHEENSE,0.0,1756826.0
HYPOXYLON_SP._CI-4A,0.0,1001833.0
HYPHOPICHIA_BURTONII,0.0,717740.0
HYMENOSCYPHUS_LINEARIS,0.0,1622260.0
HALOBACTEROIDES_HALOBIUS,0.0,42422.0
HALOARCULA_ARGENTINENSIS,0.0,43776.0
KORDIA_JEJUDONENSIS,0.0,1348245.0
FUSARIUM_BEGONIAE,0.0,48487.0
GEMELLA_MORBILLORUM,0.0,29391.0
GEMELLA_HAEMOLYSANS,0.0,1379.0
FUSOBACTERIUM_NAVIFORME,0.0,77917.0
FUSOBACTERIUM_HWASOOKII,0.0,1583098.0
FUSOBACTERIUM_SP._IOR10,0.0,2665157.0
FUSICATENIBACTER_SP._CLA-AA-H277,0.0,2881276.0
FUSARIUM_OXYSPORUM,0.0,5507.0
FUSARIUM_NEOCOSMOSPORIELLUM,0.0,1325723.0
FUSARIUM_MUSAE,0.0,1042133.0
FUSARIUM_CAATINGAENSE,0.0,2562764.0
FUNNELIFORMIS_MOSSEAE,0.0,27381.0
GEMMIGER_SP._AN120,0.0,1965549.0
FUCUS_VESICULOSUS,0.0,49266.0
FRISINGICOCCUS_CAECIMURIS,0.0,1796636.0
FOURNIERELLA_MASSILIENSIS,0.0,1650663.0
FORMIVIBRIO_CITRICUS,0.0,83765.0
FONTIMONAS_THERMOPHILA,0.0,1076937.0
FONTICELLA_TUNISIENSIS,0.0,1096341.0
FLUVIIBACTERIUM_SP._MJW13,0.0,2720031.0
FLINTIBACTER_SP._NSJ-23,0.0,2763048.0
FLINTIBACTER_SP._KGMB00164,0.0,2610895.0
FLAVONIFRACTOR_SP._AN92,0.0,1965666.0
GEMMATIMONAS_AURANTIACA,0.0,173480.0
GEMMIGER_SP._AN194,0.0,1965582.0
HALLELLA_SEREGENS,0.0,52229.0
GRAMELLA_SP._MT6,0.0,2705471.0
HALLELLA_SP._CLA-AA-H145,0.0,2841596.0
HALANAEROBIUM_SACCHAROLYTICUM,0.0,43595.0
HAEMOPHILUS_PARAINFLUENZAE,0.0,729.0
GYNURINCOLA_ENDOPHYTICUS,0.0,2479004.0
GYMNOPUS_CONFLUENS,0.0,2823264.0
GRYLLOTALPICOLA_PROTAETIAE,0.0,2419771.0
GROSMANNIA_PENICILLATA,0.0,360150.0
GRIGOROVIA_TRANSVAALENSIS,0.0,36916.0
GRAPHILBUM_SP._VPRI43762,0.0,2779952.0
GRANULICELLA_AGGREGANS,0.0,474949.0
GORDONIBACTER_UROLITHINFACIENS,0.0,1335613.0
GEMMIGER_GALLINARUM,0.0,2779354.0
GORDONIBACTER_PAMELAEAE,0.0,471189.0
GLONIUM_STELLATUM,0.0,574774.0
GLOMUS_CEREBRIFORME,0.0,658196.0
GLOBISPORANGIUM_IRREGULARE,0.0,36331.0
GLACIIBACTER_FLAVUS,0.0,2565934.0
GIMESIA_MARIS,0.0,122.0
GEOSPOROBACTER_FERRIREDUCENS,0.0,1424294.0
GEODERMATOPHILUS_POIKILOTROPHUS,0.0,1333667.0
GEOBACTER_ARGILLACEUS,0.0,345631.0
GEOBACTER_SP._OR-1,0.0,1266765.0
KOCURIA_POLARIS,0.0,136273.0
KRIBBELLA_CATACUMBAE,0.0,460086.0
CLOSTRIDIUM_SP._MARSEILLE-P299,0.0,1805477.0
LYSOBACTER_SOLI,0.0,453783.0
MARINILABILIA_RUBRA,0.0,2162893.0
MARICAULIS_ALEXANDRII,0.0,2570354.0
MARIBELLUS_COMSCASIS,0.0,2681766.0
MARASMITRUNCUS_MASSILIENSIS,0.0,1944642.0
MANGROVICOCCUS_SP._HB161399,0.0,2720392.0
MAILHELLA_MASSILIENSIS,0.0,1903261.0
MAGNETOSPIRILLUM_MAGNETOTACTICUM,0.0,188.0
MAGNETOSPIRILLUM_FULVUM,0.0,1082.0
MAGEEIBACILLUS_INDOLICUS,0.0,884684.0
LYSOBACTER_XINJIANGENSIS,0.0,546892.0
LYSOBACTER_ENZYMOGENES,0.0,69.0
MARINOBACTER_SEDIMINUM,0.0,256323.0
LYSINIBACILLUS_PARVIBORONICAPIENS,0.0,436516.0
LYSINIBACILLUS_ENDOPHYTICUS,0.0,1978490.0
LYSINIBACILLUS_BORONITOLERANS,0.0,309788.0
LUXIBACTER_MASSILIENSIS,0.0,2219695.0
LUTEOCOCCUS_JAPONICUS,0.0,33984.0
LUTEIMONAS_YINDAKUII,0.0,2565782.0
LONGICATENA_CAECIMURIS,0.0,1796635.0
LONGIBACULUM_MURIS,0.0,1796628.0
LITOREIBACTER_JANTHINUS,0.0,670154.0
LISTERIA_MARTHII,0.0,529731.0
MARINIMICROBIUM_ALKALIPHILUM,0.0,2202654.0
MARINOMONAS_ALGICOLA,0.0,2773454.0
LIQUORILACTOBACILLUS_CACAONUM,0.0,483012.0
MEDITERRANEIBACTER_SP._NSJ-55,0.0,2763054.0
METABACILLUS_SP._DBTR6,0.0,2875709.0
MESORHIZOBIUM_ZHANGYENSE,0.0,1776730.0
MESORHIZOBIUM_SP._ROOT102,0.0,1736422.0
MESORHIZOBIUM_SP._NIBR3,0.0,675281.0
MESORHIZOBIUM_SP._M8A-F-CA-ET-207-01-1-1,0.0,2563968.0
MESORHIZOBIUM_SP._M00-F-CA-ET-216-01-1-1,0.0,2500528.0
MEGASPHAERA_MASSILIENSIS,0.0,1232428.0
MEGAMONAS_HYPERMEGALE,0.0,158847.0
MEDITERRANEIBACTER_MASSILIENSIS,0.0,1720300.0
MEDITERRANEIBACTER_FAECIS,0.0,592978.0
MEDITERRANEIBACTER_SP._210702-DFI-5-30,0.0,2883232.0
MARIPROFUNDUS_SP._EBB-1,0.0,2650971.0
MEDITERRANEA_MASSILIENSIS,0.0,1841865.0
MEDITERRANEA_SP._AN20,0.0,1965586.0
MASTIGAMOEBA_BALAMUTHI,0.0,108607.0
MASSILIOCLOSTRIDIUM_COLI,0.0,1870991.0
MASSILIIMALIA_TIMONENSIS,0.0,1987501.0
MASSILIIMALIA_MASSILIENSIS,0.0,1852384.0
MASSILIA_FLAVA,0.0,871742.0
MASSILIA_AROMATICIVORANS,0.0,2725995.0
MARVINBRYANTIA_FORMATEXIGENS,0.0,168384.0
MARSEILLA_MASSILIENSIS,0.0,1841864.0
LISTERIA_BOORIAE,0.0,1552123.0
LINNEMANNIA_ZYCHAE,0.0,979765.0
LABRYS_SP._WJW,0.0,1737983.0
LACHNOCLOSTRIDIUM_SP._MARSEILLE-P6806,0.0,2364793.0
LACRIMISPORA_AMYGDALINA,0.0,253257.0
LACRIMISPORA_SP._210928-DFI-3-58,0.0,2883214.0
LACHNOTALEA_SP._AF33-28,0.0,2292046.0
LACHNOSPIRA_PECTINOSCHIZA,0.0,28052.0
LACHNOSPIRA_MULTIPARA,0.0,28051.0
LACHNOSPIRA_SP._NSJ-43,0.0,2763051.0
LACHNOCLOSTRIDIUM_PHYTOFERMENTANS,0.0,66219.0
LACHNOCLOSTRIDIUM_PHOCAEENSE,0.0,1871021.0
LACHNOCLOSTRIDIUM_PACAENSE,0.0,1917870.0
LACHNOCLOSTRIDIUM_EDOUARDI,0.0,1926283.0
LACHNOCLOSTRIDIUM_SP._MSJ-17,0.0,2841516.0
LACRIMISPORA_SACCHAROLYTICA,0.0,84030.0
LACHNOCLOSTRIDIUM_SP._AN76,0.0,1965654.0
LACHNOCLOSTRIDIUM_SP._AN298,0.0,1965627.0
LACHNOCLOSTRIDIUM_SP._AN196,0.0,1965583.0
LACHNOCLOSTRIDIUM_SP._AN138,0.0,1965560.0
LACHNOCLOSTRIDIUM_SP._AN131,0.0,1965555.0
LACHNOCLOSTRIDIUM_SP._210928-DFI-6-3,0.0,2883213.0
LACHNOBACTERIUM_BOVIS,0.0,140626.0
LACHNOANAEROBACULUM_ORALE,0.0,979627.0
LACHANCEA_DASIENSIS,0.0,1072105.0
LACCARIA_AMETHYSTINA,0.0,89243.0
LACRIMISPORA_CELERECRESCENS,0.0,29354.0
LACTOBACILLUS_SP._PFC-70,0.0,2138308.0
LINNEMANNIA_EXIGUA,0.0,604196.0
LETHARIA_COLUMBIANA,0.0,112416.0
LINNEMANNIA_ELONGATA,0.0,310910.0
LIMNOHABITANS_CURVUS,0.0,323423.0
LIMIMARICOLA_VARIABILIS,0.0,1492771.0
LIMIMARICOLA_SOESOKKAKENSIS,0.0,1343159.0
LIGILACTOBACILLUS_RUMINIS,0.0,1623.0
LIGILACTOBACILLUS_AGILIS,0.0,1601.0
LIGILACTOBACILLUS_ACIDIPISCIS,0.0,89059.0
LEVILACTOBACILLUS_SPICHERI,0.0,216463.0
LEVILACTOBACILLUS_BREVIS,0.0,1580.0
LEUCOAGARICUS_GONGYLOPHORUS,0.0,79220.0
LEPTOSPIRILLUM_FERRIPHILUM,0.0,178606.0
LACTOCOCCUS_LACTIS,0.0,1358.0
LEPTOSPIRA_LEVETTII,0.0,2023178.0
LEPTOMONAS_PYRRHOCORIS,0.0,157538.0
LENTZEA_WAYWAYANDENSIS,0.0,84724.0
LENTZEA_INDICA,0.0,2604800.0
LENTIBACILLUS_KAPIALIS,0.0,340214.0
LEGIONELLA_ENDOSYMBIONT_OF-POLYPLAX-SERRATA,0.0,2005262.0
LAWSONIBACTER_SP._NSJ-52,0.0,2763052.0
LAURENTIELLA_SP._PUJRC-G5,0.0,1615773.0
LAGIERELLA_MASSILIENSIS,0.0,1689303.0
LACTONIFACTOR_LONGOVIFORMIS,0.0,341220.0
FLAVONIFRACTOR_SP._AN91,0.0,1965665.0
FLAVONIFRACTOR_SP._AN9,0.0,1965664.0
FLAVONIFRACTOR_SP._AN82,0.0,1965660.0
CORYNESPORA_CASSIICOLA,0.0,59586.0
CUPRIAVIDUS_BASILENSIS,0.0,68895.0
CRYPTOSPORANGIUM_ARVUM,0.0,80871.0
CRYOBACTERIUM_SP._HH14,0.0,1259150.0
CRONOBACTER_DUBLINENSIS,0.0,413497.0
CRATERILACUIBACTER_SINENSIS,0.0,2686017.0
CRASSPHAGE_CAT_SB2894,0.0,2781373.0
CRASSPHAGE_APR34_000142F,0.0,1978008.0
CRASSPHAGE_ZA,0.0,2507125.0
CRASSPHAGE_SP._C0526BW15,0.0,2780379.0
CRASSPHAGE_LMMB,0.0,2718472.0
CORYNEBACTERIUM_SPHENISCORUM,0.0,185761.0
CUPRIAVIDUS_PAUCULUS,0.0,82633.0
CORYNEBACTERIUM_MASTITIDIS,0.0,161890.0
CORYNEBACTERIUM_HALOTOLERANS,0.0,225326.0
CORYNEBACTERIUM_CHOANAE,0.0,1862358.0
CORYNEBACTERIUM_BOUCHESDURHONENSE,0.0,1720192.0
CORALLOCOCCUS_ABERYSTWYTHENSIS,0.0,2316722.0
COPROCOCCUS_EUTACTUS,0.0,33043.0
COPROCOCCUS_SP._OM04-5BH,0.0,2293093.0
COPROCOCCUS_SP._CLA-AA-H212,0.0,2881262.0
COPROCOCCUS_SP._ART55-1,0.0,751585.0
COPROCOCCUS_SP._AF38-1,0.0,2302943.0
CUPRIAVIDUS_NECATOR,0.0,106590.0
CUPRIAVIDUS_YEONCHEONENSIS,0.0,1462994.0
COPROBACTER_SECUNDUS,0.0,1501392.0
DESULFACINUM_HYDROTHERMALE,0.0,109258.0
DESULFOTOMACULUM_COPAHUENSIS,0.0,1838280.0
DESULFOTOMACULUM_SP._OF05-3,0.0,2305243.0
DESULFOSEDIMINICOLA_GANGHWENSIS,0.0,2569540.0
DESULFOSARCINA_CETONICA,0.0,90730.0
DESULFONEMA_ISHIMOTONII,0.0,45657.0
DESULFONATRONOSPIRA_THIODISMUTANS,0.0,488939.0
DESULFITOBACTERIUM_HAFNIENSE,0.0,49338.0
DESULFITOBACTERIUM_DICHLOROELIMINANS,0.0,233055.0
DESULFALLAS_THERMOSAPOVORANS,0.0,58137.0
DESULFALLAS_SP._BU1-1,0.0,2787620.0
DENTISCUTATA_ERYTHROPUS,0.0,1348616.0
CURTOBACTERIUM_SP._ISL-83,0.0,2819145.0
DEINOCOCCUS_SP._RM,0.0,2316359.0
DEINOCOCCUS_SP._LEAF326,0.0,1736338.0
DEHALOBACTERIUM_FORMICOACETICUM,0.0,51515.0
DEFLUVIITALEA_PHAPHYPHILA,0.0,1473580.0
DECHLOROMONAS_SP._DECH2017,0.0,2570192.0
DAKARELLA_MASSILIENSIS,0.0,1506471.0
CYSTOFILOBASIDIUM_MACERANS,0.0,89926.0
CYSTOBASIDIUM_SLOOFFIAE,0.0,106018.0
CUTANEOTRICHOSPORON_MUCOIDES,0.0,82522.0
CURVIBACTER_LANCEOLATUS,0.0,86182.0
COPROCOCCUS_SP._AF16-22,0.0,2293087.0
COPROBACTER_FASTIDIOSUS,0.0,1099853.0
FLAVONIFRACTOR_SP._AN52,0.0,1965642.0
CLOSTRIDIUM_BUTYRICUM,0.0,1492.0
CLOSTRIDIUM_PERFRINGENS,0.0,1502.0
CLOSTRIDIUM_PASCUI,0.0,46609.0
CLOSTRIDIUM_PARAPUTRIFICUM,0.0,29363.0
CLOSTRIDIUM_NIAMEYENSE,0.0,1622073.0
CLOSTRIDIUM_MINIHOMINE,0.0,2045012.0
CLOSTRIDIUM_LACUSFRYXELLENSE,0.0,205328.0
CLOSTRIDIUM_JEDDAHENSE,0.0,1414721.0
CLOSTRIDIUM_FERMENTICELLAE,0.0,2068654.0
CLOSTRIDIUM_ESTERTHETICUM,0.0,238834.0
CLOSTRIDIUM_COCHLEARIUM,0.0,1494.0
CLOSTRIDIUM_AMINOPHILUM,0.0,1526.0
CLOSTRIDIUM_POLYSACCHAROLYTICUM,0.0,29364.0
CLOSTRIDIUM_AMINOBUTYRICUM,0.0,33953.0
CLOSTRIDIUM_ALGORIPHILUM,0.0,198347.0
CLOSTRIDIUM_SP._W14A,0.0,1849176.0
CLOSTRIDIUM_SP._TF06-15AC,0.0,2293051.0
CLOSTRIDIUM_SP._OM08-29,0.0,2293049.0
CLOSTRIDIUM_SP._OM04-7,0.0,2293042.0
CLOSTRIDIUM_SP._OM02-18AC,0.0,2292311.0
CLOSTRIDIUM_SP._OF09-10,0.0,2292309.0
CLOSTRIDIUM_SP._OF03-18AA,0.0,2292308.0
CLOSTRIDIUM_SP._N37,0.0,2762223.0
CLOSTRIDIUM_PHOCEENSIS,0.0,1650661.0
CLOSTRIDIUM_PORCI,0.0,2605778.0
COPROBACILLUS_SP._K06,0.0,2718930.0
COLLETOTRICHUM_SP._JS-367,0.0,1938904.0
COPROBACILLUS_SP._AM28-15LB,0.0,2293078.0
COPRINUS_COMATUS,0.0,56187.0
CONIOSPORIUM_APOLLINIS,0.0,61459.0
CONIOCHAETA_SP._2T2-1,0.0,1571157.0
CONIDIOBOLUS_INCONGRUUS,0.0,90249.0
CONEXIBACTER_SP._SYSU-D00693,0.0,2812560.0
COMAMONAS_PISCIS,0.0,1562974.0
COMAMONAS_BADIA,0.0,265291.0
COLLINSELLA_AEROFACIENS,0.0,74426.0
COLLIMONAS_FUNGIVORANS,0.0,158899.0
COLIDEXTRIBACTER_SP._OB-20,0.0,2304568.0
CLOSTRIDIUM_SACCHAROGUMIA,0.0,341225.0
COLIBACTER_MASSILIENSIS,0.0,1852379.0
COHNELLA_THAILANDENSIS,0.0,557557.0
COHNELLA_TERRICOLA,0.0,1289167.0
COHNELLA_LAEVIRIBOSI,0.0,380174.0
COHNELLA_ENDOPHYTICA,0.0,2419778.0
COHNELLA_ALGARUM,0.0,2044859.0
COHNELLA_SP._OV330,0.0,1855288.0
CLOSTRIDIUM_VITABIONIS,0.0,2784388.0
CLOSTRIDIUM_TYROBUTYRICUM,0.0,1519.0
CLOSTRIDIUM_SAUDIENSE,0.0,1414720.0
DESULFOVIBRIO_SP._A2,0.0,298701.0
DESULFOVIBRIO_SP._HUIQUAN2017,0.0,2816861.0
DETHIOBACTER_ALKALIPHILUS,0.0,427926.0
EUBACTERIUM_PLEXICAUDATUM,0.0,97253.0
FAECALIBACTERIUM_SP._CLA-AA-H254,0.0,2881273.0
FAECALIBACTERIUM_SP._BIOML-A1,0.0,2584645.0
FAECALIBACTERIUM_SP._AM43-5AT,0.0,2302957.0
FAECALIBACTERIUM_SP._AF27-11BH,0.0,2302956.0
EXTIBACTER_MURIS,0.0,1796622.0
EXSEROHILUM_TURCICUM,0.0,93612.0
EXOPHIALA_CALICIOIDES,0.0,135514.0
EUZEBYA_ROSEA,0.0,2052804.0
EUPLOTES_FOCARDII,0.0,36767.0
EUGLENA_GRACILIS,0.0,3039.0
EUBACTERIUM_COPROSTANOLIGENES,0.0,290054.0
FAECALIBACTERIUM_SP._MARSEILLE-P9312,0.0,2580425.0
EUBACTERIUM_CALLANDERI,0.0,53442.0
EUBACTERIUM_AGGREGANS,0.0,81409.0
EUBACTERIUM_SP._OM08-24,0.0,2292352.0
EUBACTERIUM_SP._MSJ-21,0.0,2841519.0
EUBACTERIUM_SP._BL-380-WT-2B,0.0,2605785.0
EUBACTERIUM_SP._AN3,0.0,1965628.0
EUBACTERIUM_SP._AM49-13BH,0.0,2292351.0
EUBACTERIUM_SP._AM46-8,0.0,2292350.0
EUBACTERIUM_SP._AF34-35BH,0.0,2293107.0
EUBACTERIUM_SP._AB3007,0.0,1392487.0
FAECALIBACTERIUM_SP._CLA-AA-H283,0.0,2881278.0
FAECALIBACTERIUM_SP._MARSEILLE-P9590,0.0,2817017.0
DEVOSIA_SP._LEAF420,0.0,1736374.0
FIBROBACTER_SP._UWEL,0.0,1896209.0
FLAVONIFRACTOR_SP._AN4,0.0,1965634.0
FLAVONIFRACTOR_SP._AN112,0.0,1965544.0
FLAVONIFRACTOR_SP._AGMB03687,0.0,2785133.0
FLAVOBACTERIUM_SANDARACINUM,0.0,2541733.0
FLAVOBACTERIUM_KAYSERIENSE,0.0,2764714.0
FLAVOBACTERIUM_CAENI,0.0,490189.0
FLAVOBACTERIUM_SP._MEB061,0.0,1587524.0
FLAVOBACTERIUM_SP._CJ74,0.0,2294119.0
FLAMMEOVIRGA_SP._SJP92,0.0,1775430.0
FIBROBACTER_SP._UWR3,0.0,1896217.0
FENOLLARIA_MASSILIENSIS,0.0,938288.0
FAECALIBACTERIUM_SP._MARSEILLE-Q0746,0.0,2817019.0
FALSIBACILLUS_PALLIDUS,0.0,493781.0
FAECALIMONAS_UMBILICATA,0.0,1912855.0
FAECALICATENA_FAECALIS,0.0,2726362.0
FAECALICATENA_CONTORTA,0.0,39482.0
FAECALIBACTERIUM_SP._OM04-11BH,0.0,2292357.0
FAECALIBACTERIUM_SP._OF04-11AC,0.0,2293109.0
FAECALIBACTERIUM_SP._MARSEILLE-Q4896,0.0,2817018.0
FAECALIBACTERIUM_SP._MARSEILLE-Q4164,0.0,2817020.0
FAECALIBACTERIUM_SP._MARSEILLE-Q4137,0.0,2817021.0
FAECALIBACTERIUM_SP._MARSEILLE-Q3530,0.0,2758403.0
EUBACTERIUM_SP._1001713B170207-170306-E7,0.0,2787097.0
ETHANOLIGENENS_HARBINENSE,0.0,253239.0
ERYSIPELATOCLOSTRIDIUM_RAMOSUM,0.0,1547.0
DUBOSIELLA_NEWYORKENSIS,0.0,1862672.0
DYSOSMOBACTER_SP._MARSEILLE-Q4140,0.0,2830675.0
DYSGONOMONAS_SP._ZJ709,0.0,2709797.0
DYSGONOMONAS_SP._MARSEILLE-P4677,0.0,2364790.0
DYSGONOMONAS_SP._25,0.0,2302933.0
DYELLA_PSYCHRODURANS,0.0,1927960.0
DYELLA_AMYLOLIQUEFACIENS,0.0,1770545.0
DUODENIBACILLUS_MASSILIENSIS,0.0,1852381.0
DUNCANIELLA_MURIS,0.0,2094150.0
DUNCANIELLA_FRETERI,0.0,2530391.0
DUNCANIELLA_DUBOSII,0.0,2518971.0
DRANCOURTELLA_SP._AN177,0.0,1965573.0
ERWINIA_PIRIFLORINIGRANS,0.0,665097.0
DRACONIBACTERIUM_HALOPHILUM,0.0,2706887.0
DOREA_PHOCAEENSIS,0.0,2040291.0
DOREA_SP._MARSEILLE-P4042,0.0,2080749.0
DOREA_SP._D27,0.0,658665.0
DOREA_SP._AF36-15AT,0.0,2292041.0
DOREA_SP._5-2,0.0,1235798.0
DOREA_SP._210702-DFI-3-17,0.0,2883208.0
DOREA_SP._210702-DFI-3-125,0.0,2883207.0
DIVERSISPORA_EPIGAEA,0.0,1348612.0
DICTYOSTELIUM_PURPUREUM,0.0,5786.0
ECTOTHIORHODOSPIRA_MARINA,0.0,1396821.0
ECTOTHIORHODOSPIRA_MOBILIS,0.0,195064.0
EDAPHOBACTER_AGGREGANS,0.0,570835.0
EGGERTHELLA_LENTA,0.0,84112.0
EREBOGLOBUS_LUTEUS,0.0,1796921.0
EPICHLOE_SYLVATICA,0.0,79593.0
ENTEROSCIPIO_RUBNERI,0.0,2070686.0
ENTERORHABDUS_SP._P55,0.0,2304571.0
ENTEROCOCCUS_DURANS,0.0,53345.0
ENTEROCOCCUS_CANINTESTINI,0.0,317010.0
ENTEROCLOSTER_LAVALENSIS,0.0,460384.0
ENTEROCLOSTER_ASPARAGIFORMIS,0.0,333367.0
ENTEROCLOSTER_ALDENENSIS,0.0,358742.0
ENTEROBACTER_QUASIMORI,0.0,2838947.0
ENTEROBACTER_HORMAECHEI,0.0,158836.0
ENTEROBACTER_SP._DE0047,0.0,2584949.0
ENTEROBACTER_SP._CC120223-11,0.0,1378073.0
ENHYDROBACTER_AEROSACCUS,0.0,225324.0
ENDOCALYX_CINCTUS,0.0,1633209.0
ENDOBACTERIUM_CEREALIS,0.0,2663029.0
EMERGENCIA_TIMONENSIS,0.0,1776384.0
EMERGENCIA_SP._1XD21-10,0.0,2304569.0
EISENBERGIELLA_SP._OF01-20,0.0,2292348.0
EIMERIA_SP._OTU-Y,0.0,2052604.0
EGGERTHIA_CATENAFORMIS,0.0,31973.0
JEOTGALICOCCUS_SAUDIMASSILIENSIS,0.0,1461582.0
